1	simulation_results_batch1.rds, simulation_results_batch4.rds, simulation_results_batch7.rds, simulation_results_batch10.rds, simulation_results_batch13.rds, simulation_results_batch16.rds, simulation_results_batch19.rds, simulation_results_batch22.rds, simulation_results_batch25.rds, simulation_results_batch28.rds
4	simulation_results_batch31.rds, simulation_results_batch34.rds, simulation_results_batch37.rds, simulation_results_batch40.rds, simulation_results_batch43.rds, simulation_results_batch46.rds, simulation_results_batch49.rds, simulation_results_batch52.rds, simulation_results_batch55.rds, simulation_results_batch58.rds
7	simulation_results_batch61.rds, simulation_results_batch64.rds, simulation_results_batch67.rds, simulation_results_batch70.rds, simulation_results_batch73.rds, simulation_results_batch76.rds, simulation_results_batch79.rds, simulation_results_batch82.rds, simulation_results_batch85.rds, simulation_results_batch88.rds
10	simulation_results_batch91.rds, simulation_results_batch94.rds, simulation_results_batch97.rds, simulation_results_batch100.rds, simulation_results_batch103.rds, simulation_results_batch106.rds, simulation_results_batch109.rds, simulation_results_batch112.rds, simulation_results_batch115.rds, simulation_results_batch118.rds
13	simulation_results_batch121.rds, simulation_results_batch124.rds, simulation_results_batch127.rds, simulation_results_batch130.rds, simulation_results_batch133.rds, simulation_results_batch136.rds, simulation_results_batch139.rds, simulation_results_batch142.rds, simulation_results_batch145.rds, simulation_results_batch148.rds
16	simulation_results_batch151.rds, simulation_results_batch154.rds, simulation_results_batch157.rds, simulation_results_batch160.rds, simulation_results_batch163.rds, simulation_results_batch166.rds, simulation_results_batch169.rds, simulation_results_batch172.rds, simulation_results_batch175.rds, simulation_results_batch178.rds
19	simulation_results_batch181.rds, simulation_results_batch184.rds, simulation_results_batch187.rds, simulation_results_batch190.rds, simulation_results_batch193.rds, simulation_results_batch196.rds, simulation_results_batch199.rds, simulation_results_batch202.rds, simulation_results_batch205.rds, simulation_results_batch208.rds
22	simulation_results_batch211.rds, simulation_results_batch214.rds, simulation_results_batch217.rds, simulation_results_batch220.rds, simulation_results_batch223.rds, simulation_results_batch226.rds, simulation_results_batch229.rds, simulation_results_batch232.rds, simulation_results_batch235.rds, simulation_results_batch238.rds
25	simulation_results_batch241.rds, simulation_results_batch244.rds, simulation_results_batch247.rds, simulation_results_batch250.rds, simulation_results_batch253.rds, simulation_results_batch256.rds, simulation_results_batch259.rds, simulation_results_batch262.rds, simulation_results_batch265.rds, simulation_results_batch268.rds
28	simulation_results_batch271.rds, simulation_results_batch274.rds, simulation_results_batch277.rds, simulation_results_batch280.rds, simulation_results_batch283.rds, simulation_results_batch286.rds, simulation_results_batch289.rds, simulation_results_batch292.rds, simulation_results_batch295.rds, simulation_results_batch298.rds
31	simulation_results_batch301.rds, simulation_results_batch304.rds, simulation_results_batch307.rds, simulation_results_batch310.rds, simulation_results_batch313.rds, simulation_results_batch316.rds, simulation_results_batch319.rds, simulation_results_batch322.rds, simulation_results_batch325.rds, simulation_results_batch328.rds
34	simulation_results_batch331.rds, simulation_results_batch334.rds, simulation_results_batch337.rds, simulation_results_batch340.rds, simulation_results_batch343.rds, simulation_results_batch346.rds, simulation_results_batch349.rds, simulation_results_batch352.rds, simulation_results_batch355.rds, simulation_results_batch358.rds
37	simulation_results_batch361.rds, simulation_results_batch364.rds, simulation_results_batch367.rds, simulation_results_batch370.rds, simulation_results_batch373.rds, simulation_results_batch376.rds, simulation_results_batch379.rds, simulation_results_batch382.rds, simulation_results_batch385.rds, simulation_results_batch388.rds
40	simulation_results_batch391.rds, simulation_results_batch394.rds, simulation_results_batch397.rds, simulation_results_batch400.rds, simulation_results_batch403.rds, simulation_results_batch406.rds, simulation_results_batch409.rds, simulation_results_batch412.rds, simulation_results_batch415.rds, simulation_results_batch418.rds
43	simulation_results_batch421.rds, simulation_results_batch424.rds, simulation_results_batch427.rds, simulation_results_batch430.rds, simulation_results_batch433.rds, simulation_results_batch436.rds, simulation_results_batch439.rds, simulation_results_batch442.rds, simulation_results_batch445.rds, simulation_results_batch448.rds
46	simulation_results_batch451.rds, simulation_results_batch454.rds, simulation_results_batch457.rds, simulation_results_batch460.rds, simulation_results_batch463.rds, simulation_results_batch466.rds, simulation_results_batch469.rds, simulation_results_batch472.rds, simulation_results_batch475.rds, simulation_results_batch478.rds
49	simulation_results_batch481.rds, simulation_results_batch484.rds, simulation_results_batch487.rds, simulation_results_batch490.rds, simulation_results_batch493.rds, simulation_results_batch496.rds, simulation_results_batch499.rds, simulation_results_batch502.rds, simulation_results_batch505.rds, simulation_results_batch508.rds
52	simulation_results_batch511.rds, simulation_results_batch514.rds, simulation_results_batch517.rds, simulation_results_batch520.rds, simulation_results_batch523.rds, simulation_results_batch526.rds, simulation_results_batch529.rds, simulation_results_batch532.rds, simulation_results_batch535.rds, simulation_results_batch538.rds
55	simulation_results_batch541.rds, simulation_results_batch544.rds, simulation_results_batch547.rds, simulation_results_batch550.rds, simulation_results_batch553.rds, simulation_results_batch556.rds, simulation_results_batch559.rds, simulation_results_batch562.rds, simulation_results_batch565.rds, simulation_results_batch568.rds
58	simulation_results_batch571.rds, simulation_results_batch574.rds, simulation_results_batch577.rds, simulation_results_batch580.rds, simulation_results_batch583.rds, simulation_results_batch586.rds, simulation_results_batch589.rds, simulation_results_batch592.rds, simulation_results_batch595.rds, simulation_results_batch598.rds
61	simulation_results_batch601.rds, simulation_results_batch604.rds, simulation_results_batch607.rds, simulation_results_batch610.rds, simulation_results_batch613.rds, simulation_results_batch616.rds, simulation_results_batch619.rds, simulation_results_batch622.rds, simulation_results_batch625.rds, simulation_results_batch628.rds
64	simulation_results_batch631.rds, simulation_results_batch634.rds, simulation_results_batch637.rds, simulation_results_batch640.rds, simulation_results_batch643.rds, simulation_results_batch646.rds, simulation_results_batch649.rds, simulation_results_batch652.rds, simulation_results_batch655.rds, simulation_results_batch658.rds
67	simulation_results_batch661.rds, simulation_results_batch664.rds, simulation_results_batch667.rds, simulation_results_batch670.rds, simulation_results_batch673.rds, simulation_results_batch676.rds, simulation_results_batch679.rds, simulation_results_batch682.rds, simulation_results_batch685.rds, simulation_results_batch688.rds
70	simulation_results_batch691.rds, simulation_results_batch694.rds, simulation_results_batch697.rds, simulation_results_batch700.rds, simulation_results_batch703.rds, simulation_results_batch706.rds, simulation_results_batch709.rds, simulation_results_batch712.rds, simulation_results_batch715.rds, simulation_results_batch718.rds
73	simulation_results_batch721.rds, simulation_results_batch724.rds, simulation_results_batch727.rds, simulation_results_batch730.rds, simulation_results_batch733.rds, simulation_results_batch736.rds, simulation_results_batch739.rds, simulation_results_batch742.rds, simulation_results_batch745.rds, simulation_results_batch748.rds
76	simulation_results_batch751.rds, simulation_results_batch754.rds, simulation_results_batch757.rds, simulation_results_batch760.rds, simulation_results_batch763.rds, simulation_results_batch766.rds, simulation_results_batch769.rds, simulation_results_batch772.rds, simulation_results_batch775.rds, simulation_results_batch778.rds
79	simulation_results_batch781.rds, simulation_results_batch784.rds, simulation_results_batch787.rds, simulation_results_batch790.rds, simulation_results_batch793.rds, simulation_results_batch796.rds, simulation_results_batch799.rds, simulation_results_batch802.rds, simulation_results_batch805.rds, simulation_results_batch808.rds
82	simulation_results_batch811.rds, simulation_results_batch814.rds, simulation_results_batch817.rds, simulation_results_batch820.rds, simulation_results_batch823.rds, simulation_results_batch826.rds, simulation_results_batch829.rds, simulation_results_batch832.rds, simulation_results_batch835.rds, simulation_results_batch838.rds
85	simulation_results_batch841.rds, simulation_results_batch844.rds, simulation_results_batch847.rds, simulation_results_batch850.rds, simulation_results_batch853.rds, simulation_results_batch856.rds, simulation_results_batch859.rds, simulation_results_batch862.rds, simulation_results_batch865.rds, simulation_results_batch868.rds
88	simulation_results_batch871.rds, simulation_results_batch874.rds, simulation_results_batch877.rds, simulation_results_batch880.rds, simulation_results_batch883.rds, simulation_results_batch886.rds, simulation_results_batch889.rds, simulation_results_batch892.rds, simulation_results_batch895.rds, simulation_results_batch898.rds
91	simulation_results_batch901.rds, simulation_results_batch904.rds, simulation_results_batch907.rds, simulation_results_batch910.rds, simulation_results_batch913.rds, simulation_results_batch916.rds, simulation_results_batch919.rds, simulation_results_batch922.rds, simulation_results_batch925.rds, simulation_results_batch928.rds
94	simulation_results_batch931.rds, simulation_results_batch934.rds, simulation_results_batch937.rds, simulation_results_batch940.rds, simulation_results_batch943.rds, simulation_results_batch946.rds, simulation_results_batch949.rds, simulation_results_batch952.rds, simulation_results_batch955.rds, simulation_results_batch958.rds
97	simulation_results_batch961.rds, simulation_results_batch964.rds, simulation_results_batch967.rds, simulation_results_batch970.rds, simulation_results_batch973.rds, simulation_results_batch976.rds, simulation_results_batch979.rds, simulation_results_batch982.rds, simulation_results_batch985.rds, simulation_results_batch988.rds
100	simulation_results_batch991.rds, simulation_results_batch994.rds, simulation_results_batch997.rds, simulation_results_batch1000.rds, simulation_results_batch1003.rds, simulation_results_batch1006.rds, simulation_results_batch1009.rds, simulation_results_batch1012.rds, simulation_results_batch1015.rds, simulation_results_batch1018.rds
103	simulation_results_batch1021.rds, simulation_results_batch1024.rds, simulation_results_batch1027.rds, simulation_results_batch1030.rds, simulation_results_batch1033.rds, simulation_results_batch1036.rds, simulation_results_batch1039.rds, simulation_results_batch1042.rds, simulation_results_batch1045.rds, simulation_results_batch1048.rds
106	simulation_results_batch1051.rds, simulation_results_batch1054.rds, simulation_results_batch1057.rds, simulation_results_batch1060.rds, simulation_results_batch1063.rds, simulation_results_batch1066.rds, simulation_results_batch1069.rds, simulation_results_batch1072.rds, simulation_results_batch1075.rds, simulation_results_batch1078.rds
109	simulation_results_batch1081.rds, simulation_results_batch1084.rds, simulation_results_batch1087.rds, simulation_results_batch1090.rds, simulation_results_batch1093.rds, simulation_results_batch1096.rds, simulation_results_batch1099.rds, simulation_results_batch1102.rds, simulation_results_batch1105.rds, simulation_results_batch1108.rds
112	simulation_results_batch1111.rds, simulation_results_batch1114.rds, simulation_results_batch1117.rds, simulation_results_batch1120.rds, simulation_results_batch1123.rds, simulation_results_batch1126.rds, simulation_results_batch1129.rds, simulation_results_batch1132.rds, simulation_results_batch1135.rds, simulation_results_batch1138.rds
115	simulation_results_batch1141.rds, simulation_results_batch1144.rds, simulation_results_batch1147.rds, simulation_results_batch1150.rds, simulation_results_batch1153.rds, simulation_results_batch1156.rds, simulation_results_batch1159.rds, simulation_results_batch1162.rds, simulation_results_batch1165.rds, simulation_results_batch1168.rds
118	simulation_results_batch1171.rds, simulation_results_batch1174.rds, simulation_results_batch1177.rds, simulation_results_batch1180.rds, simulation_results_batch1183.rds, simulation_results_batch1186.rds, simulation_results_batch1189.rds, simulation_results_batch1192.rds, simulation_results_batch1195.rds, simulation_results_batch1198.rds
121	simulation_results_batch1201.rds, simulation_results_batch1204.rds, simulation_results_batch1207.rds, simulation_results_batch1210.rds, simulation_results_batch1213.rds, simulation_results_batch1216.rds, simulation_results_batch1219.rds, simulation_results_batch1222.rds, simulation_results_batch1225.rds, simulation_results_batch1228.rds
124	simulation_results_batch1231.rds, simulation_results_batch1234.rds, simulation_results_batch1237.rds, simulation_results_batch1240.rds, simulation_results_batch1243.rds, simulation_results_batch1246.rds, simulation_results_batch1249.rds, simulation_results_batch1252.rds, simulation_results_batch1255.rds, simulation_results_batch1258.rds
127	simulation_results_batch1261.rds, simulation_results_batch1264.rds, simulation_results_batch1267.rds, simulation_results_batch1270.rds, simulation_results_batch1273.rds, simulation_results_batch1276.rds, simulation_results_batch1279.rds, simulation_results_batch1282.rds, simulation_results_batch1285.rds, simulation_results_batch1288.rds
130	simulation_results_batch1291.rds, simulation_results_batch1294.rds, simulation_results_batch1297.rds, simulation_results_batch1300.rds, simulation_results_batch1303.rds, simulation_results_batch1306.rds, simulation_results_batch1309.rds, simulation_results_batch1312.rds, simulation_results_batch1315.rds, simulation_results_batch1318.rds
133	simulation_results_batch1321.rds, simulation_results_batch1324.rds, simulation_results_batch1327.rds, simulation_results_batch1330.rds, simulation_results_batch1333.rds, simulation_results_batch1336.rds, simulation_results_batch1339.rds, simulation_results_batch1342.rds, simulation_results_batch1345.rds, simulation_results_batch1348.rds
136	simulation_results_batch1351.rds, simulation_results_batch1354.rds, simulation_results_batch1357.rds, simulation_results_batch1360.rds, simulation_results_batch1363.rds, simulation_results_batch1366.rds, simulation_results_batch1369.rds, simulation_results_batch1372.rds, simulation_results_batch1375.rds, simulation_results_batch1378.rds
139	simulation_results_batch1381.rds, simulation_results_batch1384.rds, simulation_results_batch1387.rds, simulation_results_batch1390.rds, simulation_results_batch1393.rds, simulation_results_batch1396.rds, simulation_results_batch1399.rds, simulation_results_batch1402.rds, simulation_results_batch1405.rds, simulation_results_batch1408.rds
142	simulation_results_batch1411.rds, simulation_results_batch1414.rds, simulation_results_batch1417.rds, simulation_results_batch1420.rds, simulation_results_batch1423.rds, simulation_results_batch1426.rds, simulation_results_batch1429.rds, simulation_results_batch1432.rds, simulation_results_batch1435.rds, simulation_results_batch1438.rds
145	simulation_results_batch1441.rds, simulation_results_batch1444.rds, simulation_results_batch1447.rds, simulation_results_batch1450.rds, simulation_results_batch1453.rds, simulation_results_batch1456.rds, simulation_results_batch1459.rds, simulation_results_batch1462.rds, simulation_results_batch1465.rds, simulation_results_batch1468.rds
148	simulation_results_batch1471.rds, simulation_results_batch1474.rds, simulation_results_batch1477.rds, simulation_results_batch1480.rds, simulation_results_batch1483.rds, simulation_results_batch1486.rds, simulation_results_batch1489.rds, simulation_results_batch1492.rds, simulation_results_batch1495.rds, simulation_results_batch1498.rds
151	simulation_results_batch1501.rds, simulation_results_batch1504.rds, simulation_results_batch1507.rds, simulation_results_batch1510.rds, simulation_results_batch1513.rds, simulation_results_batch1516.rds, simulation_results_batch1519.rds, simulation_results_batch1522.rds, simulation_results_batch1525.rds, simulation_results_batch1528.rds
154	simulation_results_batch1531.rds, simulation_results_batch1534.rds, simulation_results_batch1537.rds, simulation_results_batch1540.rds, simulation_results_batch1543.rds, simulation_results_batch1546.rds, simulation_results_batch1549.rds, simulation_results_batch1552.rds, simulation_results_batch1555.rds, simulation_results_batch1558.rds
157	simulation_results_batch1561.rds, simulation_results_batch1564.rds, simulation_results_batch1567.rds, simulation_results_batch1570.rds, simulation_results_batch1573.rds, simulation_results_batch1576.rds, simulation_results_batch1579.rds, simulation_results_batch1582.rds, simulation_results_batch1585.rds, simulation_results_batch1588.rds
160	simulation_results_batch1591.rds, simulation_results_batch1594.rds, simulation_results_batch1597.rds, simulation_results_batch1600.rds, simulation_results_batch1603.rds, simulation_results_batch1606.rds, simulation_results_batch1609.rds, simulation_results_batch1612.rds, simulation_results_batch1615.rds, simulation_results_batch1618.rds
163	simulation_results_batch1621.rds, simulation_results_batch1624.rds, simulation_results_batch1627.rds, simulation_results_batch1630.rds, simulation_results_batch1633.rds, simulation_results_batch1636.rds, simulation_results_batch1639.rds, simulation_results_batch1642.rds, simulation_results_batch1645.rds, simulation_results_batch1648.rds
166	simulation_results_batch1651.rds, simulation_results_batch1654.rds, simulation_results_batch1657.rds, simulation_results_batch1660.rds, simulation_results_batch1663.rds, simulation_results_batch1666.rds, simulation_results_batch1669.rds, simulation_results_batch1672.rds, simulation_results_batch1675.rds, simulation_results_batch1678.rds
169	simulation_results_batch1681.rds, simulation_results_batch1684.rds, simulation_results_batch1687.rds, simulation_results_batch1690.rds, simulation_results_batch1693.rds, simulation_results_batch1696.rds, simulation_results_batch1699.rds, simulation_results_batch1702.rds, simulation_results_batch1705.rds, simulation_results_batch1708.rds
172	simulation_results_batch1711.rds, simulation_results_batch1714.rds, simulation_results_batch1717.rds, simulation_results_batch1720.rds, simulation_results_batch1723.rds, simulation_results_batch1726.rds, simulation_results_batch1729.rds, simulation_results_batch1732.rds, simulation_results_batch1735.rds, simulation_results_batch1738.rds
175	simulation_results_batch1741.rds, simulation_results_batch1744.rds, simulation_results_batch1747.rds, simulation_results_batch1750.rds, simulation_results_batch1753.rds, simulation_results_batch1756.rds, simulation_results_batch1759.rds, simulation_results_batch1762.rds, simulation_results_batch1765.rds, simulation_results_batch1768.rds
178	simulation_results_batch1771.rds, simulation_results_batch1774.rds, simulation_results_batch1777.rds, simulation_results_batch1780.rds, simulation_results_batch1783.rds, simulation_results_batch1786.rds, simulation_results_batch1789.rds, simulation_results_batch1792.rds, simulation_results_batch1795.rds, simulation_results_batch1798.rds
181	simulation_results_batch1801.rds, simulation_results_batch1804.rds, simulation_results_batch1807.rds, simulation_results_batch1810.rds, simulation_results_batch1813.rds, simulation_results_batch1816.rds, simulation_results_batch1819.rds, simulation_results_batch1822.rds, simulation_results_batch1825.rds, simulation_results_batch1828.rds
184	simulation_results_batch1831.rds, simulation_results_batch1834.rds, simulation_results_batch1837.rds, simulation_results_batch1840.rds, simulation_results_batch1843.rds, simulation_results_batch1846.rds, simulation_results_batch1849.rds, simulation_results_batch1852.rds, simulation_results_batch1855.rds, simulation_results_batch1858.rds
187	simulation_results_batch1861.rds, simulation_results_batch1864.rds, simulation_results_batch1867.rds, simulation_results_batch1870.rds, simulation_results_batch1873.rds, simulation_results_batch1876.rds, simulation_results_batch1879.rds, simulation_results_batch1882.rds, simulation_results_batch1885.rds, simulation_results_batch1888.rds
190	simulation_results_batch1891.rds, simulation_results_batch1894.rds, simulation_results_batch1897.rds, simulation_results_batch1900.rds, simulation_results_batch1903.rds, simulation_results_batch1906.rds, simulation_results_batch1909.rds, simulation_results_batch1912.rds, simulation_results_batch1915.rds, simulation_results_batch1918.rds
193	simulation_results_batch1921.rds, simulation_results_batch1924.rds, simulation_results_batch1927.rds, simulation_results_batch1930.rds, simulation_results_batch1933.rds, simulation_results_batch1936.rds, simulation_results_batch1939.rds, simulation_results_batch1942.rds, simulation_results_batch1945.rds, simulation_results_batch1948.rds
196	simulation_results_batch1951.rds, simulation_results_batch1954.rds, simulation_results_batch1957.rds, simulation_results_batch1960.rds, simulation_results_batch1963.rds, simulation_results_batch1966.rds, simulation_results_batch1969.rds, simulation_results_batch1972.rds, simulation_results_batch1975.rds, simulation_results_batch1978.rds
199	simulation_results_batch1981.rds, simulation_results_batch1984.rds, simulation_results_batch1987.rds, simulation_results_batch1990.rds, simulation_results_batch1993.rds, simulation_results_batch1996.rds, simulation_results_batch1999.rds, simulation_results_batch2002.rds, simulation_results_batch2005.rds, simulation_results_batch2008.rds
202	simulation_results_batch2011.rds, simulation_results_batch2014.rds, simulation_results_batch2017.rds, simulation_results_batch2020.rds, simulation_results_batch2023.rds, simulation_results_batch2026.rds, simulation_results_batch2029.rds, simulation_results_batch2032.rds, simulation_results_batch2035.rds, simulation_results_batch2038.rds
205	simulation_results_batch2041.rds, simulation_results_batch2044.rds, simulation_results_batch2047.rds, simulation_results_batch2050.rds, simulation_results_batch2053.rds, simulation_results_batch2056.rds, simulation_results_batch2059.rds, simulation_results_batch2062.rds, simulation_results_batch2065.rds, simulation_results_batch2068.rds
208	simulation_results_batch2071.rds, simulation_results_batch2074.rds, simulation_results_batch2077.rds, simulation_results_batch2080.rds, simulation_results_batch2083.rds, simulation_results_batch2086.rds, simulation_results_batch2089.rds, simulation_results_batch2092.rds, simulation_results_batch2095.rds, simulation_results_batch2098.rds
211	simulation_results_batch2101.rds, simulation_results_batch2104.rds, simulation_results_batch2107.rds, simulation_results_batch2110.rds, simulation_results_batch2113.rds, simulation_results_batch2116.rds, simulation_results_batch2119.rds, simulation_results_batch2122.rds, simulation_results_batch2125.rds, simulation_results_batch2128.rds
214	simulation_results_batch2131.rds, simulation_results_batch2134.rds, simulation_results_batch2137.rds, simulation_results_batch2140.rds, simulation_results_batch2143.rds, simulation_results_batch2146.rds, simulation_results_batch2149.rds, simulation_results_batch2152.rds, simulation_results_batch2155.rds, simulation_results_batch2158.rds
217	simulation_results_batch2161.rds, simulation_results_batch2164.rds, simulation_results_batch2167.rds, simulation_results_batch2170.rds, simulation_results_batch2173.rds, simulation_results_batch2176.rds, simulation_results_batch2179.rds, simulation_results_batch2182.rds, simulation_results_batch2185.rds, simulation_results_batch2188.rds
220	simulation_results_batch2191.rds, simulation_results_batch2194.rds, simulation_results_batch2197.rds, simulation_results_batch2200.rds, simulation_results_batch2203.rds, simulation_results_batch2206.rds, simulation_results_batch2209.rds, simulation_results_batch2212.rds, simulation_results_batch2215.rds, simulation_results_batch2218.rds
223	simulation_results_batch2221.rds, simulation_results_batch2224.rds, simulation_results_batch2227.rds, simulation_results_batch2230.rds, simulation_results_batch2233.rds, simulation_results_batch2236.rds, simulation_results_batch2239.rds, simulation_results_batch2242.rds, simulation_results_batch2245.rds, simulation_results_batch2248.rds
226	simulation_results_batch2251.rds, simulation_results_batch2254.rds, simulation_results_batch2257.rds, simulation_results_batch2260.rds, simulation_results_batch2263.rds, simulation_results_batch2266.rds, simulation_results_batch2269.rds, simulation_results_batch2272.rds, simulation_results_batch2275.rds, simulation_results_batch2278.rds
229	simulation_results_batch2281.rds, simulation_results_batch2284.rds, simulation_results_batch2287.rds, simulation_results_batch2290.rds, simulation_results_batch2293.rds, simulation_results_batch2296.rds, simulation_results_batch2299.rds, simulation_results_batch2302.rds, simulation_results_batch2305.rds, simulation_results_batch2308.rds
232	simulation_results_batch2311.rds, simulation_results_batch2314.rds, simulation_results_batch2317.rds, simulation_results_batch2320.rds, simulation_results_batch2323.rds, simulation_results_batch2326.rds, simulation_results_batch2329.rds, simulation_results_batch2332.rds, simulation_results_batch2335.rds, simulation_results_batch2338.rds
235	simulation_results_batch2341.rds, simulation_results_batch2344.rds, simulation_results_batch2347.rds, simulation_results_batch2350.rds, simulation_results_batch2353.rds, simulation_results_batch2356.rds, simulation_results_batch2359.rds, simulation_results_batch2362.rds, simulation_results_batch2365.rds, simulation_results_batch2368.rds
238	simulation_results_batch2371.rds, simulation_results_batch2374.rds, simulation_results_batch2377.rds, simulation_results_batch2380.rds, simulation_results_batch2383.rds, simulation_results_batch2386.rds, simulation_results_batch2389.rds, simulation_results_batch2392.rds, simulation_results_batch2395.rds, simulation_results_batch2398.rds
241	simulation_results_batch2401.rds, simulation_results_batch2404.rds, simulation_results_batch2407.rds, simulation_results_batch2410.rds, simulation_results_batch2413.rds, simulation_results_batch2416.rds, simulation_results_batch2419.rds, simulation_results_batch2422.rds, simulation_results_batch2425.rds, simulation_results_batch2428.rds
244	simulation_results_batch2431.rds, simulation_results_batch2434.rds, simulation_results_batch2437.rds, simulation_results_batch2440.rds, simulation_results_batch2443.rds, simulation_results_batch2446.rds, simulation_results_batch2449.rds, simulation_results_batch2452.rds, simulation_results_batch2455.rds, simulation_results_batch2458.rds
247	simulation_results_batch2461.rds, simulation_results_batch2464.rds, simulation_results_batch2467.rds, simulation_results_batch2470.rds, simulation_results_batch2473.rds, simulation_results_batch2476.rds, simulation_results_batch2479.rds, simulation_results_batch2482.rds, simulation_results_batch2485.rds, simulation_results_batch2488.rds
250	simulation_results_batch2491.rds, simulation_results_batch2494.rds, simulation_results_batch2497.rds, simulation_results_batch2500.rds, simulation_results_batch2503.rds, simulation_results_batch2506.rds, simulation_results_batch2509.rds, simulation_results_batch2512.rds, simulation_results_batch2515.rds, simulation_results_batch2518.rds
253	simulation_results_batch2521.rds, simulation_results_batch2524.rds, simulation_results_batch2527.rds, simulation_results_batch2530.rds, simulation_results_batch2533.rds, simulation_results_batch2536.rds, simulation_results_batch2539.rds, simulation_results_batch2542.rds, simulation_results_batch2545.rds, simulation_results_batch2548.rds
256	simulation_results_batch2551.rds, simulation_results_batch2554.rds, simulation_results_batch2557.rds, simulation_results_batch2560.rds, simulation_results_batch2563.rds, simulation_results_batch2566.rds, simulation_results_batch2569.rds, simulation_results_batch2572.rds, simulation_results_batch2575.rds, simulation_results_batch2578.rds
259	simulation_results_batch2581.rds, simulation_results_batch2584.rds, simulation_results_batch2587.rds, simulation_results_batch2590.rds, simulation_results_batch2593.rds, simulation_results_batch2596.rds, simulation_results_batch2599.rds, simulation_results_batch2602.rds, simulation_results_batch2605.rds, simulation_results_batch2608.rds
262	simulation_results_batch2611.rds, simulation_results_batch2614.rds, simulation_results_batch2617.rds, simulation_results_batch2620.rds, simulation_results_batch2623.rds, simulation_results_batch2626.rds, simulation_results_batch2629.rds, simulation_results_batch2632.rds, simulation_results_batch2635.rds, simulation_results_batch2638.rds
265	simulation_results_batch2641.rds, simulation_results_batch2644.rds, simulation_results_batch2647.rds, simulation_results_batch2650.rds, simulation_results_batch2653.rds, simulation_results_batch2656.rds, simulation_results_batch2659.rds, simulation_results_batch2662.rds, simulation_results_batch2665.rds, simulation_results_batch2668.rds
268	simulation_results_batch2671.rds, simulation_results_batch2674.rds, simulation_results_batch2677.rds, simulation_results_batch2680.rds, simulation_results_batch2683.rds, simulation_results_batch2686.rds, simulation_results_batch2689.rds, simulation_results_batch2692.rds, simulation_results_batch2695.rds, simulation_results_batch2698.rds
271	simulation_results_batch2701.rds, simulation_results_batch2704.rds, simulation_results_batch2707.rds, simulation_results_batch2710.rds, simulation_results_batch2713.rds, simulation_results_batch2716.rds, simulation_results_batch2719.rds, simulation_results_batch2722.rds, simulation_results_batch2725.rds, simulation_results_batch2728.rds
274	simulation_results_batch2731.rds, simulation_results_batch2734.rds, simulation_results_batch2737.rds, simulation_results_batch2740.rds, simulation_results_batch2743.rds, simulation_results_batch2746.rds, simulation_results_batch2749.rds, simulation_results_batch2752.rds, simulation_results_batch2755.rds, simulation_results_batch2758.rds
277	simulation_results_batch2761.rds, simulation_results_batch2764.rds, simulation_results_batch2767.rds, simulation_results_batch2770.rds, simulation_results_batch2773.rds, simulation_results_batch2776.rds, simulation_results_batch2779.rds, simulation_results_batch2782.rds, simulation_results_batch2785.rds, simulation_results_batch2788.rds
280	simulation_results_batch2791.rds, simulation_results_batch2794.rds, simulation_results_batch2797.rds, simulation_results_batch2800.rds, simulation_results_batch2803.rds, simulation_results_batch2806.rds, simulation_results_batch2809.rds, simulation_results_batch2812.rds, simulation_results_batch2815.rds, simulation_results_batch2818.rds
283	simulation_results_batch2821.rds, simulation_results_batch2824.rds, simulation_results_batch2827.rds, simulation_results_batch2830.rds, simulation_results_batch2833.rds, simulation_results_batch2836.rds, simulation_results_batch2839.rds, simulation_results_batch2842.rds, simulation_results_batch2845.rds, simulation_results_batch2848.rds
286	simulation_results_batch2851.rds, simulation_results_batch2854.rds, simulation_results_batch2857.rds, simulation_results_batch2860.rds, simulation_results_batch2863.rds, simulation_results_batch2866.rds, simulation_results_batch2869.rds, simulation_results_batch2872.rds, simulation_results_batch2875.rds, simulation_results_batch2878.rds
289	simulation_results_batch2881.rds, simulation_results_batch2884.rds, simulation_results_batch2887.rds, simulation_results_batch2890.rds, simulation_results_batch2893.rds, simulation_results_batch2896.rds, simulation_results_batch2899.rds, simulation_results_batch2902.rds, simulation_results_batch2905.rds, simulation_results_batch2908.rds
292	simulation_results_batch2911.rds, simulation_results_batch2914.rds, simulation_results_batch2917.rds, simulation_results_batch2920.rds, simulation_results_batch2923.rds, simulation_results_batch2926.rds, simulation_results_batch2929.rds, simulation_results_batch2932.rds, simulation_results_batch2935.rds, simulation_results_batch2938.rds
295	simulation_results_batch2941.rds, simulation_results_batch2944.rds, simulation_results_batch2947.rds, simulation_results_batch2950.rds, simulation_results_batch2953.rds, simulation_results_batch2956.rds, simulation_results_batch2959.rds, simulation_results_batch2962.rds, simulation_results_batch2965.rds, simulation_results_batch2968.rds
298	simulation_results_batch2971.rds, simulation_results_batch2974.rds, simulation_results_batch2977.rds, simulation_results_batch2980.rds, simulation_results_batch2983.rds, simulation_results_batch2986.rds, simulation_results_batch2989.rds, simulation_results_batch2992.rds, simulation_results_batch2995.rds, simulation_results_batch2998.rds
301	simulation_results_batch3001.rds, simulation_results_batch3004.rds, simulation_results_batch3007.rds, simulation_results_batch3010.rds, simulation_results_batch3013.rds, simulation_results_batch3016.rds, simulation_results_batch3019.rds, simulation_results_batch3022.rds, simulation_results_batch3025.rds, simulation_results_batch3028.rds
304	simulation_results_batch3031.rds, simulation_results_batch3034.rds, simulation_results_batch3037.rds, simulation_results_batch3040.rds, simulation_results_batch3043.rds, simulation_results_batch3046.rds, simulation_results_batch3049.rds, simulation_results_batch3052.rds, simulation_results_batch3055.rds, simulation_results_batch3058.rds
307	simulation_results_batch3061.rds, simulation_results_batch3064.rds, simulation_results_batch3067.rds, simulation_results_batch3070.rds, simulation_results_batch3073.rds, simulation_results_batch3076.rds, simulation_results_batch3079.rds, simulation_results_batch3082.rds, simulation_results_batch3085.rds, simulation_results_batch3088.rds
310	simulation_results_batch3091.rds, simulation_results_batch3094.rds, simulation_results_batch3097.rds, simulation_results_batch3100.rds, simulation_results_batch3103.rds, simulation_results_batch3106.rds, simulation_results_batch3109.rds, simulation_results_batch3112.rds, simulation_results_batch3115.rds, simulation_results_batch3118.rds
313	simulation_results_batch3121.rds, simulation_results_batch3124.rds, simulation_results_batch3127.rds, simulation_results_batch3130.rds, simulation_results_batch3133.rds, simulation_results_batch3136.rds, simulation_results_batch3139.rds, simulation_results_batch3142.rds, simulation_results_batch3145.rds, simulation_results_batch3148.rds
316	simulation_results_batch3151.rds, simulation_results_batch3154.rds, simulation_results_batch3157.rds, simulation_results_batch3160.rds, simulation_results_batch3163.rds, simulation_results_batch3166.rds, simulation_results_batch3169.rds, simulation_results_batch3172.rds, simulation_results_batch3175.rds, simulation_results_batch3178.rds
319	simulation_results_batch3181.rds, simulation_results_batch3184.rds, simulation_results_batch3187.rds, simulation_results_batch3190.rds, simulation_results_batch3193.rds, simulation_results_batch3196.rds, simulation_results_batch3199.rds, simulation_results_batch3202.rds, simulation_results_batch3205.rds, simulation_results_batch3208.rds
322	simulation_results_batch3211.rds, simulation_results_batch3214.rds, simulation_results_batch3217.rds, simulation_results_batch3220.rds, simulation_results_batch3223.rds, simulation_results_batch3226.rds, simulation_results_batch3229.rds, simulation_results_batch3232.rds, simulation_results_batch3235.rds, simulation_results_batch3238.rds
325	simulation_results_batch3241.rds, simulation_results_batch3244.rds, simulation_results_batch3247.rds, simulation_results_batch3250.rds, simulation_results_batch3253.rds, simulation_results_batch3256.rds, simulation_results_batch3259.rds, simulation_results_batch3262.rds, simulation_results_batch3265.rds, simulation_results_batch3268.rds
328	simulation_results_batch3271.rds, simulation_results_batch3274.rds, simulation_results_batch3277.rds, simulation_results_batch3280.rds, simulation_results_batch3283.rds, simulation_results_batch3286.rds, simulation_results_batch3289.rds, simulation_results_batch3292.rds, simulation_results_batch3295.rds, simulation_results_batch3298.rds
331	simulation_results_batch3301.rds, simulation_results_batch3304.rds, simulation_results_batch3307.rds, simulation_results_batch3310.rds, simulation_results_batch3313.rds, simulation_results_batch3316.rds, simulation_results_batch3319.rds, simulation_results_batch3322.rds, simulation_results_batch3325.rds, simulation_results_batch3328.rds
334	simulation_results_batch3331.rds, simulation_results_batch3334.rds, simulation_results_batch3337.rds, simulation_results_batch3340.rds, simulation_results_batch3343.rds, simulation_results_batch3346.rds, simulation_results_batch3349.rds, simulation_results_batch3352.rds, simulation_results_batch3355.rds, simulation_results_batch3358.rds
337	simulation_results_batch3361.rds, simulation_results_batch3364.rds, simulation_results_batch3367.rds, simulation_results_batch3370.rds, simulation_results_batch3373.rds, simulation_results_batch3376.rds, simulation_results_batch3379.rds, simulation_results_batch3382.rds, simulation_results_batch3385.rds, simulation_results_batch3388.rds
340	simulation_results_batch3391.rds, simulation_results_batch3394.rds, simulation_results_batch3397.rds, simulation_results_batch3400.rds, simulation_results_batch3403.rds, simulation_results_batch3406.rds, simulation_results_batch3409.rds, simulation_results_batch3412.rds, simulation_results_batch3415.rds, simulation_results_batch3418.rds
343	simulation_results_batch3421.rds, simulation_results_batch3424.rds, simulation_results_batch3427.rds, simulation_results_batch3430.rds, simulation_results_batch3433.rds, simulation_results_batch3436.rds, simulation_results_batch3439.rds, simulation_results_batch3442.rds, simulation_results_batch3445.rds, simulation_results_batch3448.rds
346	simulation_results_batch3451.rds, simulation_results_batch3454.rds, simulation_results_batch3457.rds, simulation_results_batch3460.rds, simulation_results_batch3463.rds, simulation_results_batch3466.rds, simulation_results_batch3469.rds, simulation_results_batch3472.rds, simulation_results_batch3475.rds, simulation_results_batch3478.rds
349	simulation_results_batch3481.rds, simulation_results_batch3484.rds, simulation_results_batch3487.rds, simulation_results_batch3490.rds, simulation_results_batch3493.rds, simulation_results_batch3496.rds, simulation_results_batch3499.rds, simulation_results_batch3502.rds, simulation_results_batch3505.rds, simulation_results_batch3508.rds
352	simulation_results_batch3511.rds, simulation_results_batch3514.rds, simulation_results_batch3517.rds, simulation_results_batch3520.rds, simulation_results_batch3523.rds, simulation_results_batch3526.rds, simulation_results_batch3529.rds, simulation_results_batch3532.rds, simulation_results_batch3535.rds, simulation_results_batch3538.rds
355	simulation_results_batch3541.rds, simulation_results_batch3544.rds, simulation_results_batch3547.rds, simulation_results_batch3550.rds, simulation_results_batch3553.rds, simulation_results_batch3556.rds, simulation_results_batch3559.rds, simulation_results_batch3562.rds, simulation_results_batch3565.rds, simulation_results_batch3568.rds
358	simulation_results_batch3571.rds, simulation_results_batch3574.rds, simulation_results_batch3577.rds, simulation_results_batch3580.rds, simulation_results_batch3583.rds, simulation_results_batch3586.rds, simulation_results_batch3589.rds, simulation_results_batch3592.rds, simulation_results_batch3595.rds, simulation_results_batch3598.rds
361	simulation_results_batch3601.rds, simulation_results_batch3604.rds, simulation_results_batch3607.rds, simulation_results_batch3610.rds, simulation_results_batch3613.rds, simulation_results_batch3616.rds, simulation_results_batch3619.rds, simulation_results_batch3622.rds, simulation_results_batch3625.rds, simulation_results_batch3628.rds
364	simulation_results_batch3631.rds, simulation_results_batch3634.rds, simulation_results_batch3637.rds, simulation_results_batch3640.rds, simulation_results_batch3643.rds, simulation_results_batch3646.rds, simulation_results_batch3649.rds, simulation_results_batch3652.rds, simulation_results_batch3655.rds, simulation_results_batch3658.rds
367	simulation_results_batch3661.rds, simulation_results_batch3664.rds, simulation_results_batch3667.rds, simulation_results_batch3670.rds, simulation_results_batch3673.rds, simulation_results_batch3676.rds, simulation_results_batch3679.rds, simulation_results_batch3682.rds, simulation_results_batch3685.rds, simulation_results_batch3688.rds
370	simulation_results_batch3691.rds, simulation_results_batch3694.rds, simulation_results_batch3697.rds, simulation_results_batch3700.rds, simulation_results_batch3703.rds, simulation_results_batch3706.rds, simulation_results_batch3709.rds, simulation_results_batch3712.rds, simulation_results_batch3715.rds, simulation_results_batch3718.rds
373	simulation_results_batch3721.rds, simulation_results_batch3724.rds, simulation_results_batch3727.rds, simulation_results_batch3730.rds, simulation_results_batch3733.rds, simulation_results_batch3736.rds, simulation_results_batch3739.rds, simulation_results_batch3742.rds, simulation_results_batch3745.rds, simulation_results_batch3748.rds
376	simulation_results_batch3751.rds, simulation_results_batch3754.rds, simulation_results_batch3757.rds, simulation_results_batch3760.rds, simulation_results_batch3763.rds, simulation_results_batch3766.rds, simulation_results_batch3769.rds, simulation_results_batch3772.rds, simulation_results_batch3775.rds, simulation_results_batch3778.rds
379	simulation_results_batch3781.rds, simulation_results_batch3784.rds, simulation_results_batch3787.rds, simulation_results_batch3790.rds, simulation_results_batch3793.rds, simulation_results_batch3796.rds, simulation_results_batch3799.rds, simulation_results_batch3802.rds, simulation_results_batch3805.rds, simulation_results_batch3808.rds
382	simulation_results_batch3811.rds, simulation_results_batch3814.rds, simulation_results_batch3817.rds, simulation_results_batch3820.rds, simulation_results_batch3823.rds, simulation_results_batch3826.rds, simulation_results_batch3829.rds, simulation_results_batch3832.rds, simulation_results_batch3835.rds, simulation_results_batch3838.rds
385	simulation_results_batch3841.rds, simulation_results_batch3844.rds, simulation_results_batch3847.rds, simulation_results_batch3850.rds, simulation_results_batch3853.rds, simulation_results_batch3856.rds, simulation_results_batch3859.rds, simulation_results_batch3862.rds, simulation_results_batch3865.rds, simulation_results_batch3868.rds
388	simulation_results_batch3871.rds, simulation_results_batch3874.rds, simulation_results_batch3877.rds, simulation_results_batch3880.rds, simulation_results_batch3883.rds, simulation_results_batch3886.rds, simulation_results_batch3889.rds, simulation_results_batch3892.rds, simulation_results_batch3895.rds, simulation_results_batch3898.rds
391	simulation_results_batch3901.rds, simulation_results_batch3904.rds, simulation_results_batch3907.rds, simulation_results_batch3910.rds, simulation_results_batch3913.rds, simulation_results_batch3916.rds, simulation_results_batch3919.rds, simulation_results_batch3922.rds, simulation_results_batch3925.rds, simulation_results_batch3928.rds
394	simulation_results_batch3931.rds, simulation_results_batch3933.rds, simulation_results_batch3935.rds, simulation_results_batch3937.rds, simulation_results_batch3939.rds, simulation_results_batch3941.rds, simulation_results_batch3943.rds, simulation_results_batch3945.rds, simulation_results_batch3947.rds, simulation_results_batch3949.rds
396	simulation_results_batch3951.rds, simulation_results_batch3954.rds, simulation_results_batch3957.rds, simulation_results_batch3960.rds, simulation_results_batch3963.rds, simulation_results_batch3966.rds, simulation_results_batch3969.rds, simulation_results_batch3972.rds, simulation_results_batch3975.rds, simulation_results_batch3978.rds
399	simulation_results_batch3981.rds, simulation_results_batch3984.rds, simulation_results_batch3987.rds, simulation_results_batch3990.rds, simulation_results_batch3993.rds, simulation_results_batch3996.rds, simulation_results_batch3999.rds, simulation_results_batch4002.rds, simulation_results_batch4005.rds, simulation_results_batch4008.rds
402	simulation_results_batch4011.rds, simulation_results_batch4014.rds, simulation_results_batch4017.rds, simulation_results_batch4020.rds, simulation_results_batch4023.rds, simulation_results_batch4026.rds, simulation_results_batch4029.rds, simulation_results_batch4032.rds, simulation_results_batch4035.rds, simulation_results_batch4038.rds
405	simulation_results_batch4041.rds, simulation_results_batch4044.rds, simulation_results_batch4047.rds, simulation_results_batch4050.rds, simulation_results_batch4053.rds, simulation_results_batch4056.rds, simulation_results_batch4059.rds, simulation_results_batch4062.rds, simulation_results_batch4065.rds, simulation_results_batch4068.rds
408	simulation_results_batch4071.rds, simulation_results_batch4074.rds, simulation_results_batch4077.rds, simulation_results_batch4080.rds, simulation_results_batch4083.rds, simulation_results_batch4086.rds, simulation_results_batch4089.rds, simulation_results_batch4092.rds, simulation_results_batch4095.rds, simulation_results_batch4098.rds
411	simulation_results_batch4101.rds, simulation_results_batch4103.rds, simulation_results_batch4105.rds, simulation_results_batch4107.rds, simulation_results_batch4109.rds, simulation_results_batch4111.rds, simulation_results_batch4113.rds, simulation_results_batch4115.rds, simulation_results_batch4117.rds, simulation_results_batch4119.rds
413	simulation_results_batch4121.rds, simulation_results_batch4124.rds, simulation_results_batch4127.rds, simulation_results_batch4130.rds, simulation_results_batch4133.rds, simulation_results_batch4136.rds, simulation_results_batch4139.rds, simulation_results_batch4142.rds, simulation_results_batch4145.rds, simulation_results_batch4148.rds
416	simulation_results_batch4151.rds, simulation_results_batch4154.rds, simulation_results_batch4157.rds, simulation_results_batch4160.rds, simulation_results_batch4163.rds, simulation_results_batch4166.rds, simulation_results_batch4169.rds, simulation_results_batch4172.rds, simulation_results_batch4175.rds, simulation_results_batch4178.rds
419	simulation_results_batch4181.rds, simulation_results_batch4184.rds, simulation_results_batch4187.rds, simulation_results_batch4190.rds, simulation_results_batch4193.rds, simulation_results_batch4196.rds, simulation_results_batch4199.rds, simulation_results_batch4202.rds, simulation_results_batch4205.rds, simulation_results_batch4208.rds
422	simulation_results_batch4211.rds, simulation_results_batch4214.rds, simulation_results_batch4217.rds, simulation_results_batch4220.rds, simulation_results_batch4223.rds, simulation_results_batch4226.rds, simulation_results_batch4229.rds, simulation_results_batch4232.rds, simulation_results_batch4235.rds, simulation_results_batch4238.rds
425	simulation_results_batch4241.rds, simulation_results_batch4244.rds, simulation_results_batch4247.rds, simulation_results_batch4250.rds, simulation_results_batch4253.rds, simulation_results_batch4256.rds, simulation_results_batch4259.rds, simulation_results_batch4262.rds, simulation_results_batch4265.rds, simulation_results_batch4268.rds
428	simulation_results_batch4271.rds, simulation_results_batch4274.rds, simulation_results_batch4277.rds, simulation_results_batch4280.rds, simulation_results_batch4283.rds, simulation_results_batch4286.rds, simulation_results_batch4289.rds, simulation_results_batch4292.rds, simulation_results_batch4295.rds, simulation_results_batch4298.rds
431	simulation_results_batch4301.rds, simulation_results_batch4304.rds, simulation_results_batch4307.rds, simulation_results_batch4310.rds, simulation_results_batch4313.rds, simulation_results_batch4316.rds, simulation_results_batch4319.rds, simulation_results_batch4322.rds, simulation_results_batch4325.rds, simulation_results_batch4328.rds
434	simulation_results_batch4331.rds, simulation_results_batch4334.rds, simulation_results_batch4337.rds, simulation_results_batch4340.rds, simulation_results_batch4343.rds, simulation_results_batch4346.rds, simulation_results_batch4349.rds, simulation_results_batch4352.rds, simulation_results_batch4355.rds, simulation_results_batch4358.rds
437	simulation_results_batch4361.rds, simulation_results_batch4364.rds, simulation_results_batch4367.rds, simulation_results_batch4370.rds, simulation_results_batch4373.rds, simulation_results_batch4376.rds, simulation_results_batch4379.rds, simulation_results_batch4382.rds, simulation_results_batch4385.rds, simulation_results_batch4388.rds
440	simulation_results_batch4391.rds, simulation_results_batch4394.rds, simulation_results_batch4397.rds, simulation_results_batch4400.rds, simulation_results_batch4403.rds, simulation_results_batch4406.rds, simulation_results_batch4409.rds, simulation_results_batch4412.rds, simulation_results_batch4415.rds, simulation_results_batch4418.rds
443	simulation_results_batch4421.rds, simulation_results_batch4424.rds, simulation_results_batch4427.rds, simulation_results_batch4430.rds, simulation_results_batch4433.rds, simulation_results_batch4436.rds, simulation_results_batch4439.rds, simulation_results_batch4442.rds, simulation_results_batch4445.rds, simulation_results_batch4448.rds
446	simulation_results_batch4451.rds, simulation_results_batch4454.rds, simulation_results_batch4457.rds, simulation_results_batch4460.rds, simulation_results_batch4463.rds, simulation_results_batch4466.rds, simulation_results_batch4469.rds, simulation_results_batch4472.rds, simulation_results_batch4475.rds, simulation_results_batch4478.rds
449	simulation_results_batch4481.rds, simulation_results_batch4484.rds, simulation_results_batch4487.rds, simulation_results_batch4490.rds, simulation_results_batch4493.rds, simulation_results_batch4496.rds, simulation_results_batch4499.rds, simulation_results_batch4502.rds, simulation_results_batch4505.rds, simulation_results_batch4508.rds
452	simulation_results_batch4511.rds, simulation_results_batch4514.rds, simulation_results_batch4517.rds, simulation_results_batch4520.rds, simulation_results_batch4523.rds, simulation_results_batch4526.rds, simulation_results_batch4529.rds, simulation_results_batch4532.rds, simulation_results_batch4535.rds, simulation_results_batch4538.rds
455	simulation_results_batch4541.rds, simulation_results_batch4544.rds, simulation_results_batch4547.rds, simulation_results_batch4550.rds, simulation_results_batch4553.rds, simulation_results_batch4556.rds, simulation_results_batch4559.rds, simulation_results_batch4562.rds, simulation_results_batch4565.rds, simulation_results_batch4568.rds
458	simulation_results_batch4571.rds, simulation_results_batch4574.rds, simulation_results_batch4577.rds, simulation_results_batch4580.rds, simulation_results_batch4583.rds, simulation_results_batch4586.rds, simulation_results_batch4589.rds, simulation_results_batch4592.rds, simulation_results_batch4595.rds, simulation_results_batch4598.rds
461	simulation_results_batch4601.rds, simulation_results_batch4604.rds, simulation_results_batch4607.rds, simulation_results_batch4610.rds, simulation_results_batch4613.rds, simulation_results_batch4616.rds, simulation_results_batch4619.rds, simulation_results_batch4622.rds, simulation_results_batch4625.rds, simulation_results_batch4628.rds
464	simulation_results_batch4631.rds, simulation_results_batch4634.rds, simulation_results_batch4637.rds, simulation_results_batch4640.rds, simulation_results_batch4643.rds, simulation_results_batch4646.rds, simulation_results_batch4649.rds, simulation_results_batch4652.rds, simulation_results_batch4655.rds, simulation_results_batch4658.rds
467	simulation_results_batch4661.rds, simulation_results_batch4664.rds, simulation_results_batch4667.rds, simulation_results_batch4670.rds, simulation_results_batch4673.rds, simulation_results_batch4676.rds, simulation_results_batch4679.rds, simulation_results_batch4682.rds, simulation_results_batch4685.rds, simulation_results_batch4688.rds
470	simulation_results_batch4691.rds, simulation_results_batch4694.rds, simulation_results_batch4697.rds, simulation_results_batch4700.rds, simulation_results_batch4703.rds, simulation_results_batch4706.rds, simulation_results_batch4709.rds, simulation_results_batch4712.rds, simulation_results_batch4715.rds, simulation_results_batch4718.rds
473	simulation_results_batch4721.rds, simulation_results_batch4724.rds, simulation_results_batch4727.rds, simulation_results_batch4730.rds, simulation_results_batch4733.rds, simulation_results_batch4736.rds, simulation_results_batch4739.rds, simulation_results_batch4742.rds, simulation_results_batch4745.rds, simulation_results_batch4748.rds
476	simulation_results_batch4751.rds, simulation_results_batch4754.rds, simulation_results_batch4757.rds, simulation_results_batch4760.rds, simulation_results_batch4763.rds, simulation_results_batch4766.rds, simulation_results_batch4769.rds, simulation_results_batch4772.rds, simulation_results_batch4775.rds, simulation_results_batch4778.rds
479	simulation_results_batch4781.rds, simulation_results_batch4784.rds, simulation_results_batch4787.rds, simulation_results_batch4790.rds, simulation_results_batch4793.rds, simulation_results_batch4796.rds, simulation_results_batch4799.rds, simulation_results_batch4802.rds, simulation_results_batch4805.rds, simulation_results_batch4808.rds
482	simulation_results_batch4811.rds, simulation_results_batch4814.rds, simulation_results_batch4817.rds, simulation_results_batch4820.rds, simulation_results_batch4823.rds, simulation_results_batch4826.rds, simulation_results_batch4829.rds, simulation_results_batch4832.rds, simulation_results_batch4835.rds, simulation_results_batch4838.rds
485	simulation_results_batch4841.rds, simulation_results_batch4844.rds, simulation_results_batch4847.rds, simulation_results_batch4850.rds, simulation_results_batch4853.rds, simulation_results_batch4856.rds, simulation_results_batch4859.rds, simulation_results_batch4862.rds, simulation_results_batch4865.rds, simulation_results_batch4868.rds
488	simulation_results_batch4871.rds, simulation_results_batch4874.rds, simulation_results_batch4877.rds, simulation_results_batch4880.rds, simulation_results_batch4883.rds, simulation_results_batch4886.rds, simulation_results_batch4889.rds, simulation_results_batch4892.rds, simulation_results_batch4895.rds, simulation_results_batch4898.rds
491	simulation_results_batch4901.rds, simulation_results_batch4904.rds, simulation_results_batch4907.rds, simulation_results_batch4910.rds, simulation_results_batch4913.rds, simulation_results_batch4916.rds, simulation_results_batch4919.rds, simulation_results_batch4922.rds, simulation_results_batch4925.rds, simulation_results_batch4928.rds
494	simulation_results_batch4931.rds, simulation_results_batch4934.rds, simulation_results_batch4937.rds, simulation_results_batch4940.rds, simulation_results_batch4943.rds, simulation_results_batch4946.rds, simulation_results_batch4949.rds, simulation_results_batch4952.rds, simulation_results_batch4955.rds, simulation_results_batch4958.rds
497	simulation_results_batch4961.rds, simulation_results_batch4964.rds, simulation_results_batch4967.rds, simulation_results_batch4970.rds, simulation_results_batch4973.rds, simulation_results_batch4976.rds, simulation_results_batch4979.rds, simulation_results_batch4982.rds, simulation_results_batch4985.rds, simulation_results_batch4988.rds
500	simulation_results_batch4991.rds, simulation_results_batch4994.rds, simulation_results_batch4997.rds, simulation_results_batch5000.rds, simulation_results_batch5003.rds, simulation_results_batch5006.rds, simulation_results_batch5009.rds, simulation_results_batch5012.rds, simulation_results_batch5015.rds, simulation_results_batch5018.rds
503	simulation_results_batch5021.rds, simulation_results_batch5024.rds, simulation_results_batch5027.rds, simulation_results_batch5030.rds, simulation_results_batch5033.rds, simulation_results_batch5036.rds, simulation_results_batch5039.rds, simulation_results_batch5042.rds, simulation_results_batch5045.rds, simulation_results_batch5048.rds
506	simulation_results_batch5051.rds, simulation_results_batch5054.rds, simulation_results_batch5057.rds, simulation_results_batch5060.rds, simulation_results_batch5063.rds, simulation_results_batch5066.rds, simulation_results_batch5069.rds, simulation_results_batch5072.rds, simulation_results_batch5075.rds, simulation_results_batch5078.rds
509	simulation_results_batch5081.rds, simulation_results_batch5084.rds, simulation_results_batch5087.rds, simulation_results_batch5090.rds, simulation_results_batch5093.rds, simulation_results_batch5096.rds, simulation_results_batch5099.rds, simulation_results_batch5102.rds, simulation_results_batch5105.rds, simulation_results_batch5108.rds
512	simulation_results_batch5111.rds, simulation_results_batch5114.rds, simulation_results_batch5117.rds, simulation_results_batch5120.rds, simulation_results_batch5123.rds, simulation_results_batch5126.rds, simulation_results_batch5129.rds, simulation_results_batch5132.rds, simulation_results_batch5135.rds, simulation_results_batch5138.rds
515	simulation_results_batch5141.rds, simulation_results_batch5144.rds, simulation_results_batch5147.rds, simulation_results_batch5150.rds, simulation_results_batch5153.rds, simulation_results_batch5156.rds, simulation_results_batch5159.rds, simulation_results_batch5162.rds, simulation_results_batch5165.rds, simulation_results_batch5168.rds
518	simulation_results_batch5171.rds, simulation_results_batch5174.rds, simulation_results_batch5177.rds, simulation_results_batch5180.rds, simulation_results_batch5183.rds, simulation_results_batch5186.rds, simulation_results_batch5189.rds, simulation_results_batch5192.rds, simulation_results_batch5195.rds, simulation_results_batch5198.rds
521	simulation_results_batch5201.rds, simulation_results_batch5204.rds, simulation_results_batch5207.rds, simulation_results_batch5210.rds, simulation_results_batch5213.rds, simulation_results_batch5216.rds, simulation_results_batch5219.rds, simulation_results_batch5222.rds, simulation_results_batch5225.rds, simulation_results_batch5228.rds
524	simulation_results_batch5231.rds, simulation_results_batch5234.rds, simulation_results_batch5237.rds, simulation_results_batch5240.rds, simulation_results_batch5243.rds, simulation_results_batch5246.rds, simulation_results_batch5249.rds, simulation_results_batch5252.rds, simulation_results_batch5255.rds, simulation_results_batch5258.rds
527	simulation_results_batch5261.rds, simulation_results_batch5264.rds, simulation_results_batch5267.rds, simulation_results_batch5270.rds, simulation_results_batch5273.rds, simulation_results_batch5276.rds, simulation_results_batch5279.rds, simulation_results_batch5282.rds, simulation_results_batch5285.rds, simulation_results_batch5288.rds
530	simulation_results_batch5291.rds, simulation_results_batch5294.rds, simulation_results_batch5297.rds, simulation_results_batch5300.rds, simulation_results_batch5303.rds, simulation_results_batch5306.rds, simulation_results_batch5309.rds, simulation_results_batch5312.rds, simulation_results_batch5315.rds, simulation_results_batch5318.rds
533	simulation_results_batch5321.rds, simulation_results_batch5324.rds, simulation_results_batch5327.rds, simulation_results_batch5330.rds, simulation_results_batch5333.rds, simulation_results_batch5336.rds, simulation_results_batch5339.rds, simulation_results_batch5342.rds, simulation_results_batch5345.rds, simulation_results_batch5348.rds
536	simulation_results_batch5351.rds, simulation_results_batch5354.rds, simulation_results_batch5357.rds, simulation_results_batch5360.rds, simulation_results_batch5363.rds, simulation_results_batch5366.rds, simulation_results_batch5369.rds, simulation_results_batch5372.rds, simulation_results_batch5375.rds, simulation_results_batch5378.rds
539	simulation_results_batch5381.rds, simulation_results_batch5384.rds, simulation_results_batch5387.rds, simulation_results_batch5390.rds, simulation_results_batch5393.rds, simulation_results_batch5396.rds, simulation_results_batch5399.rds, simulation_results_batch5402.rds, simulation_results_batch5405.rds, simulation_results_batch5408.rds
542	simulation_results_batch5411.rds, simulation_results_batch5414.rds, simulation_results_batch5417.rds, simulation_results_batch5420.rds, simulation_results_batch5423.rds, simulation_results_batch5426.rds, simulation_results_batch5429.rds, simulation_results_batch5432.rds, simulation_results_batch5435.rds, simulation_results_batch5438.rds
545	simulation_results_batch5441.rds, simulation_results_batch5444.rds, simulation_results_batch5447.rds, simulation_results_batch5450.rds, simulation_results_batch5453.rds, simulation_results_batch5456.rds, simulation_results_batch5459.rds, simulation_results_batch5462.rds, simulation_results_batch5465.rds, simulation_results_batch5468.rds
548	simulation_results_batch5471.rds, simulation_results_batch5474.rds, simulation_results_batch5477.rds, simulation_results_batch5480.rds, simulation_results_batch5483.rds, simulation_results_batch5486.rds, simulation_results_batch5489.rds, simulation_results_batch5492.rds, simulation_results_batch5495.rds, simulation_results_batch5498.rds
551	simulation_results_batch5501.rds, simulation_results_batch5504.rds, simulation_results_batch5507.rds, simulation_results_batch5510.rds, simulation_results_batch5513.rds, simulation_results_batch5516.rds, simulation_results_batch5519.rds, simulation_results_batch5522.rds, simulation_results_batch5525.rds, simulation_results_batch5528.rds
554	simulation_results_batch5531.rds, simulation_results_batch5534.rds, simulation_results_batch5537.rds, simulation_results_batch5540.rds, simulation_results_batch5543.rds, simulation_results_batch5546.rds, simulation_results_batch5549.rds, simulation_results_batch5552.rds, simulation_results_batch5555.rds, simulation_results_batch5558.rds
557	simulation_results_batch5561.rds, simulation_results_batch5564.rds, simulation_results_batch5567.rds, simulation_results_batch5570.rds, simulation_results_batch5573.rds, simulation_results_batch5576.rds, simulation_results_batch5579.rds, simulation_results_batch5582.rds, simulation_results_batch5585.rds, simulation_results_batch5588.rds
560	simulation_results_batch5591.rds, simulation_results_batch5594.rds, simulation_results_batch5597.rds, simulation_results_batch5600.rds, simulation_results_batch5603.rds, simulation_results_batch5606.rds, simulation_results_batch5609.rds, simulation_results_batch5612.rds, simulation_results_batch5615.rds, simulation_results_batch5618.rds
563	simulation_results_batch5621.rds, simulation_results_batch5624.rds, simulation_results_batch5627.rds, simulation_results_batch5630.rds, simulation_results_batch5633.rds, simulation_results_batch5636.rds, simulation_results_batch5639.rds, simulation_results_batch5642.rds, simulation_results_batch5645.rds, simulation_results_batch5648.rds
566	simulation_results_batch5651.rds, simulation_results_batch5654.rds, simulation_results_batch5657.rds, simulation_results_batch5660.rds, simulation_results_batch5663.rds, simulation_results_batch5666.rds, simulation_results_batch5669.rds, simulation_results_batch5672.rds, simulation_results_batch5675.rds, simulation_results_batch5678.rds
569	simulation_results_batch5681.rds, simulation_results_batch5684.rds, simulation_results_batch5687.rds, simulation_results_batch5690.rds, simulation_results_batch5693.rds, simulation_results_batch5696.rds, simulation_results_batch5699.rds, simulation_results_batch5702.rds, simulation_results_batch5705.rds, simulation_results_batch5708.rds
572	simulation_results_batch5711.rds, simulation_results_batch5714.rds, simulation_results_batch5717.rds, simulation_results_batch5720.rds, simulation_results_batch5723.rds, simulation_results_batch5726.rds, simulation_results_batch5729.rds, simulation_results_batch5732.rds, simulation_results_batch5735.rds, simulation_results_batch5738.rds
575	simulation_results_batch5741.rds, simulation_results_batch5744.rds, simulation_results_batch5747.rds, simulation_results_batch5750.rds, simulation_results_batch5753.rds, simulation_results_batch5756.rds, simulation_results_batch5759.rds, simulation_results_batch5762.rds, simulation_results_batch5765.rds, simulation_results_batch5768.rds
578	simulation_results_batch5771.rds, simulation_results_batch5774.rds, simulation_results_batch5777.rds, simulation_results_batch5780.rds, simulation_results_batch5783.rds, simulation_results_batch5786.rds, simulation_results_batch5789.rds, simulation_results_batch5792.rds, simulation_results_batch5795.rds, simulation_results_batch5798.rds
581	simulation_results_batch5801.rds, simulation_results_batch5804.rds, simulation_results_batch5807.rds, simulation_results_batch5810.rds, simulation_results_batch5813.rds, simulation_results_batch5816.rds, simulation_results_batch5819.rds, simulation_results_batch5822.rds, simulation_results_batch5825.rds, simulation_results_batch5828.rds
584	simulation_results_batch5831.rds, simulation_results_batch5834.rds, simulation_results_batch5837.rds, simulation_results_batch5840.rds, simulation_results_batch5843.rds, simulation_results_batch5846.rds, simulation_results_batch5849.rds, simulation_results_batch5852.rds, simulation_results_batch5855.rds, simulation_results_batch5858.rds
587	simulation_results_batch5861.rds, simulation_results_batch5864.rds, simulation_results_batch5867.rds, simulation_results_batch5870.rds, simulation_results_batch5873.rds, simulation_results_batch5876.rds, simulation_results_batch5879.rds, simulation_results_batch5882.rds, simulation_results_batch5885.rds, simulation_results_batch5888.rds
590	simulation_results_batch5891.rds, simulation_results_batch5894.rds, simulation_results_batch5897.rds, simulation_results_batch5900.rds, simulation_results_batch5903.rds, simulation_results_batch5906.rds, simulation_results_batch5909.rds, simulation_results_batch5912.rds, simulation_results_batch5915.rds, simulation_results_batch5918.rds
593	simulation_results_batch5921.rds, simulation_results_batch5924.rds, simulation_results_batch5927.rds, simulation_results_batch5930.rds, simulation_results_batch5933.rds, simulation_results_batch5936.rds, simulation_results_batch5939.rds, simulation_results_batch5942.rds, simulation_results_batch5945.rds, simulation_results_batch5948.rds
596	simulation_results_batch5951.rds, simulation_results_batch5954.rds, simulation_results_batch5957.rds, simulation_results_batch5960.rds, simulation_results_batch5963.rds, simulation_results_batch5966.rds, simulation_results_batch5969.rds, simulation_results_batch5972.rds, simulation_results_batch5975.rds, simulation_results_batch5978.rds
599	simulation_results_batch5981.rds, simulation_results_batch5984.rds, simulation_results_batch5987.rds, simulation_results_batch5990.rds, simulation_results_batch5993.rds, simulation_results_batch5996.rds, simulation_results_batch5999.rds, simulation_results_batch6002.rds, simulation_results_batch6005.rds, simulation_results_batch6008.rds
602	simulation_results_batch6011.rds, simulation_results_batch6014.rds, simulation_results_batch6017.rds, simulation_results_batch6020.rds, simulation_results_batch6023.rds, simulation_results_batch6026.rds, simulation_results_batch6029.rds, simulation_results_batch6032.rds, simulation_results_batch6035.rds, simulation_results_batch6038.rds
605	simulation_results_batch6041.rds, simulation_results_batch6044.rds, simulation_results_batch6047.rds, simulation_results_batch6050.rds, simulation_results_batch6053.rds, simulation_results_batch6056.rds, simulation_results_batch6059.rds, simulation_results_batch6062.rds, simulation_results_batch6065.rds, simulation_results_batch6068.rds
608	simulation_results_batch6071.rds, simulation_results_batch6073.rds, simulation_results_batch6075.rds, simulation_results_batch6077.rds, simulation_results_batch6079.rds, simulation_results_batch6081.rds, simulation_results_batch6083.rds, simulation_results_batch6085.rds, simulation_results_batch6087.rds, simulation_results_batch6089.rds
610	simulation_results_batch6091.rds, simulation_results_batch6094.rds, simulation_results_batch6097.rds, simulation_results_batch6100.rds, simulation_results_batch6103.rds, simulation_results_batch6106.rds, simulation_results_batch6109.rds, simulation_results_batch6112.rds, simulation_results_batch6115.rds, simulation_results_batch6118.rds
613	simulation_results_batch6121.rds, simulation_results_batch6124.rds, simulation_results_batch6127.rds, simulation_results_batch6130.rds, simulation_results_batch6133.rds, simulation_results_batch6136.rds, simulation_results_batch6139.rds, simulation_results_batch6142.rds, simulation_results_batch6145.rds, simulation_results_batch6148.rds
616	simulation_results_batch6151.rds, simulation_results_batch6154.rds, simulation_results_batch6157.rds, simulation_results_batch6160.rds, simulation_results_batch6163.rds, simulation_results_batch6166.rds, simulation_results_batch6169.rds, simulation_results_batch6172.rds, simulation_results_batch6175.rds, simulation_results_batch6178.rds
619	simulation_results_batch6181.rds, simulation_results_batch6184.rds, simulation_results_batch6187.rds, simulation_results_batch6190.rds, simulation_results_batch6193.rds, simulation_results_batch6196.rds, simulation_results_batch6199.rds, simulation_results_batch6202.rds, simulation_results_batch6205.rds, simulation_results_batch6208.rds
622	simulation_results_batch6211.rds, simulation_results_batch6214.rds, simulation_results_batch6217.rds, simulation_results_batch6220.rds, simulation_results_batch6223.rds, simulation_results_batch6226.rds, simulation_results_batch6229.rds, simulation_results_batch6232.rds, simulation_results_batch6235.rds, simulation_results_batch6238.rds
625	simulation_results_batch6241.rds, simulation_results_batch6243.rds, simulation_results_batch6245.rds, simulation_results_batch6247.rds, simulation_results_batch6249.rds, simulation_results_batch6251.rds, simulation_results_batch6253.rds, simulation_results_batch6255.rds, simulation_results_batch6257.rds, simulation_results_batch6259.rds
627	simulation_results_batch6261.rds, simulation_results_batch6264.rds, simulation_results_batch6267.rds, simulation_results_batch6270.rds, simulation_results_batch6273.rds, simulation_results_batch6276.rds, simulation_results_batch6279.rds, simulation_results_batch6282.rds, simulation_results_batch6285.rds, simulation_results_batch6288.rds
630	simulation_results_batch6291.rds, simulation_results_batch6294.rds, simulation_results_batch6297.rds, simulation_results_batch6300.rds, simulation_results_batch6303.rds, simulation_results_batch6306.rds, simulation_results_batch6309.rds, simulation_results_batch6312.rds, simulation_results_batch6315.rds, simulation_results_batch6318.rds
633	simulation_results_batch6321.rds, simulation_results_batch6324.rds, simulation_results_batch6327.rds, simulation_results_batch6330.rds, simulation_results_batch6333.rds, simulation_results_batch6336.rds, simulation_results_batch6339.rds, simulation_results_batch6342.rds, simulation_results_batch6345.rds, simulation_results_batch6348.rds
636	simulation_results_batch6351.rds, simulation_results_batch6354.rds, simulation_results_batch6357.rds, simulation_results_batch6360.rds, simulation_results_batch6363.rds, simulation_results_batch6366.rds, simulation_results_batch6369.rds, simulation_results_batch6372.rds, simulation_results_batch6375.rds, simulation_results_batch6378.rds
639	simulation_results_batch6381.rds, simulation_results_batch6384.rds, simulation_results_batch6387.rds, simulation_results_batch6390.rds, simulation_results_batch6393.rds, simulation_results_batch6396.rds, simulation_results_batch6399.rds, simulation_results_batch6402.rds, simulation_results_batch6405.rds, simulation_results_batch6408.rds
642	simulation_results_batch6411.rds, simulation_results_batch6414.rds, simulation_results_batch6417.rds, simulation_results_batch6420.rds, simulation_results_batch6423.rds, simulation_results_batch6426.rds, simulation_results_batch6429.rds, simulation_results_batch6432.rds, simulation_results_batch6435.rds, simulation_results_batch6438.rds
645	simulation_results_batch6441.rds, simulation_results_batch6444.rds, simulation_results_batch6447.rds, simulation_results_batch6450.rds, simulation_results_batch6453.rds, simulation_results_batch6456.rds, simulation_results_batch6459.rds, simulation_results_batch6462.rds, simulation_results_batch6465.rds, simulation_results_batch6468.rds
648	simulation_results_batch6471.rds, simulation_results_batch6474.rds, simulation_results_batch6477.rds, simulation_results_batch6480.rds, simulation_results_batch6483.rds, simulation_results_batch6486.rds, simulation_results_batch6489.rds, simulation_results_batch6492.rds, simulation_results_batch6495.rds, simulation_results_batch6498.rds
651	simulation_results_batch6501.rds, simulation_results_batch6504.rds, simulation_results_batch6507.rds, simulation_results_batch6510.rds, simulation_results_batch6513.rds, simulation_results_batch6516.rds, simulation_results_batch6519.rds, simulation_results_batch6522.rds, simulation_results_batch6525.rds, simulation_results_batch6528.rds
654	simulation_results_batch6531.rds, simulation_results_batch6534.rds, simulation_results_batch6537.rds, simulation_results_batch6540.rds, simulation_results_batch6543.rds, simulation_results_batch6546.rds, simulation_results_batch6549.rds, simulation_results_batch6552.rds, simulation_results_batch6555.rds, simulation_results_batch6558.rds
657	simulation_results_batch6561.rds, simulation_results_batch6564.rds, simulation_results_batch6567.rds, simulation_results_batch6570.rds, simulation_results_batch6573.rds, simulation_results_batch6576.rds, simulation_results_batch6579.rds, simulation_results_batch6582.rds, simulation_results_batch6585.rds, simulation_results_batch6588.rds
660	simulation_results_batch6591.rds, simulation_results_batch6594.rds, simulation_results_batch6597.rds, simulation_results_batch6600.rds, simulation_results_batch6603.rds, simulation_results_batch6606.rds, simulation_results_batch6609.rds, simulation_results_batch6612.rds, simulation_results_batch6615.rds, simulation_results_batch6618.rds
663	simulation_results_batch6621.rds, simulation_results_batch6624.rds, simulation_results_batch6627.rds, simulation_results_batch6630.rds, simulation_results_batch6633.rds, simulation_results_batch6636.rds, simulation_results_batch6639.rds, simulation_results_batch6642.rds, simulation_results_batch6645.rds, simulation_results_batch6648.rds
666	simulation_results_batch6651.rds, simulation_results_batch6654.rds, simulation_results_batch6657.rds, simulation_results_batch6660.rds, simulation_results_batch6663.rds, simulation_results_batch6666.rds, simulation_results_batch6669.rds, simulation_results_batch6672.rds, simulation_results_batch6675.rds, simulation_results_batch6678.rds
669	simulation_results_batch6681.rds, simulation_results_batch6684.rds, simulation_results_batch6687.rds, simulation_results_batch6690.rds, simulation_results_batch6693.rds, simulation_results_batch6696.rds, simulation_results_batch6699.rds, simulation_results_batch6702.rds, simulation_results_batch6705.rds, simulation_results_batch6708.rds
672	simulation_results_batch6711.rds, simulation_results_batch6714.rds, simulation_results_batch6717.rds, simulation_results_batch6720.rds, simulation_results_batch6723.rds, simulation_results_batch6726.rds, simulation_results_batch6729.rds, simulation_results_batch6732.rds, simulation_results_batch6735.rds, simulation_results_batch6738.rds
675	simulation_results_batch6741.rds, simulation_results_batch6744.rds, simulation_results_batch6747.rds, simulation_results_batch6750.rds, simulation_results_batch6753.rds, simulation_results_batch6756.rds, simulation_results_batch6759.rds, simulation_results_batch6762.rds, simulation_results_batch6765.rds, simulation_results_batch6768.rds
678	simulation_results_batch6771.rds, simulation_results_batch6774.rds, simulation_results_batch6777.rds, simulation_results_batch6780.rds, simulation_results_batch6783.rds, simulation_results_batch6786.rds, simulation_results_batch6789.rds, simulation_results_batch6792.rds, simulation_results_batch6795.rds, simulation_results_batch6798.rds
681	simulation_results_batch6801.rds, simulation_results_batch6804.rds, simulation_results_batch6807.rds, simulation_results_batch6810.rds, simulation_results_batch6813.rds, simulation_results_batch6816.rds, simulation_results_batch6819.rds, simulation_results_batch6822.rds, simulation_results_batch6825.rds, simulation_results_batch6828.rds
684	simulation_results_batch6831.rds, simulation_results_batch6834.rds, simulation_results_batch6837.rds, simulation_results_batch6840.rds, simulation_results_batch6843.rds, simulation_results_batch6846.rds, simulation_results_batch6849.rds, simulation_results_batch6852.rds, simulation_results_batch6855.rds, simulation_results_batch6858.rds
687	simulation_results_batch6861.rds, simulation_results_batch6864.rds, simulation_results_batch6867.rds, simulation_results_batch6870.rds, simulation_results_batch6873.rds, simulation_results_batch6876.rds, simulation_results_batch6879.rds, simulation_results_batch6882.rds, simulation_results_batch6885.rds, simulation_results_batch6888.rds
690	simulation_results_batch6891.rds, simulation_results_batch6894.rds, simulation_results_batch6897.rds, simulation_results_batch6900.rds, simulation_results_batch6903.rds, simulation_results_batch6906.rds, simulation_results_batch6909.rds, simulation_results_batch6912.rds, simulation_results_batch6915.rds, simulation_results_batch6918.rds
693	simulation_results_batch6921.rds, simulation_results_batch6924.rds, simulation_results_batch6927.rds, simulation_results_batch6930.rds, simulation_results_batch6933.rds, simulation_results_batch6936.rds, simulation_results_batch6939.rds, simulation_results_batch6942.rds, simulation_results_batch6945.rds, simulation_results_batch6948.rds
696	simulation_results_batch6951.rds, simulation_results_batch6954.rds, simulation_results_batch6957.rds, simulation_results_batch6960.rds, simulation_results_batch6963.rds, simulation_results_batch6966.rds, simulation_results_batch6969.rds, simulation_results_batch6972.rds, simulation_results_batch6975.rds, simulation_results_batch6978.rds
699	simulation_results_batch6981.rds, simulation_results_batch6984.rds, simulation_results_batch6987.rds, simulation_results_batch6990.rds, simulation_results_batch6993.rds, simulation_results_batch6996.rds, simulation_results_batch6999.rds, simulation_results_batch7002.rds, simulation_results_batch7005.rds, simulation_results_batch7008.rds
702	simulation_results_batch7011.rds, simulation_results_batch7014.rds, simulation_results_batch7017.rds, simulation_results_batch7020.rds, simulation_results_batch7023.rds, simulation_results_batch7026.rds, simulation_results_batch7029.rds, simulation_results_batch7032.rds, simulation_results_batch7035.rds, simulation_results_batch7038.rds
705	simulation_results_batch7041.rds, simulation_results_batch7044.rds, simulation_results_batch7047.rds, simulation_results_batch7050.rds, simulation_results_batch7053.rds, simulation_results_batch7056.rds, simulation_results_batch7059.rds, simulation_results_batch7062.rds, simulation_results_batch7065.rds, simulation_results_batch7068.rds
708	simulation_results_batch7071.rds, simulation_results_batch7074.rds, simulation_results_batch7077.rds, simulation_results_batch7080.rds, simulation_results_batch7083.rds, simulation_results_batch7086.rds, simulation_results_batch7089.rds, simulation_results_batch7092.rds, simulation_results_batch7095.rds, simulation_results_batch7098.rds
711	simulation_results_batch7101.rds, simulation_results_batch7104.rds, simulation_results_batch7107.rds, simulation_results_batch7110.rds, simulation_results_batch7113.rds, simulation_results_batch7116.rds, simulation_results_batch7119.rds, simulation_results_batch7122.rds, simulation_results_batch7125.rds, simulation_results_batch7128.rds
714	simulation_results_batch7131.rds, simulation_results_batch7134.rds, simulation_results_batch7137.rds, simulation_results_batch7140.rds, simulation_results_batch7143.rds, simulation_results_batch7146.rds, simulation_results_batch7149.rds, simulation_results_batch7152.rds, simulation_results_batch7155.rds, simulation_results_batch7158.rds
717	simulation_results_batch7161.rds, simulation_results_batch7164.rds, simulation_results_batch7167.rds, simulation_results_batch7170.rds, simulation_results_batch7173.rds, simulation_results_batch7176.rds, simulation_results_batch7179.rds, simulation_results_batch7182.rds, simulation_results_batch7185.rds, simulation_results_batch7188.rds
720	simulation_results_batch7191.rds, simulation_results_batch7194.rds, simulation_results_batch7197.rds, simulation_results_batch7200.rds, simulation_results_batch7203.rds, simulation_results_batch7206.rds, simulation_results_batch7209.rds, simulation_results_batch7212.rds, simulation_results_batch7215.rds, simulation_results_batch7218.rds
723	simulation_results_batch7221.rds, simulation_results_batch7224.rds, simulation_results_batch7227.rds, simulation_results_batch7230.rds, simulation_results_batch7233.rds, simulation_results_batch7236.rds, simulation_results_batch7239.rds, simulation_results_batch7242.rds, simulation_results_batch7245.rds, simulation_results_batch7248.rds
726	simulation_results_batch7251.rds, simulation_results_batch7254.rds, simulation_results_batch7257.rds, simulation_results_batch7260.rds, simulation_results_batch7263.rds, simulation_results_batch7266.rds, simulation_results_batch7269.rds, simulation_results_batch7272.rds, simulation_results_batch7275.rds, simulation_results_batch7278.rds
729	simulation_results_batch7281.rds, simulation_results_batch7284.rds, simulation_results_batch7287.rds, simulation_results_batch7290.rds, simulation_results_batch7293.rds, simulation_results_batch7296.rds, simulation_results_batch7299.rds, simulation_results_batch7302.rds, simulation_results_batch7305.rds, simulation_results_batch7308.rds
732	simulation_results_batch7311.rds, simulation_results_batch7314.rds, simulation_results_batch7317.rds, simulation_results_batch7320.rds, simulation_results_batch7323.rds, simulation_results_batch7326.rds, simulation_results_batch7329.rds, simulation_results_batch7332.rds, simulation_results_batch7335.rds, simulation_results_batch7338.rds
735	simulation_results_batch7341.rds, simulation_results_batch7344.rds, simulation_results_batch7347.rds, simulation_results_batch7350.rds, simulation_results_batch7353.rds, simulation_results_batch7356.rds, simulation_results_batch7359.rds, simulation_results_batch7362.rds, simulation_results_batch7365.rds, simulation_results_batch7368.rds
738	simulation_results_batch7371.rds, simulation_results_batch7374.rds, simulation_results_batch7377.rds, simulation_results_batch7380.rds, simulation_results_batch7383.rds, simulation_results_batch7386.rds, simulation_results_batch7389.rds, simulation_results_batch7392.rds, simulation_results_batch7395.rds, simulation_results_batch7398.rds
741	simulation_results_batch7401.rds, simulation_results_batch7404.rds, simulation_results_batch7407.rds, simulation_results_batch7410.rds, simulation_results_batch7413.rds, simulation_results_batch7416.rds, simulation_results_batch7419.rds, simulation_results_batch7422.rds, simulation_results_batch7425.rds, simulation_results_batch7428.rds
744	simulation_results_batch7431.rds, simulation_results_batch7434.rds, simulation_results_batch7437.rds, simulation_results_batch7440.rds, simulation_results_batch7443.rds, simulation_results_batch7446.rds, simulation_results_batch7449.rds, simulation_results_batch7452.rds, simulation_results_batch7455.rds, simulation_results_batch7458.rds
747	simulation_results_batch7461.rds, simulation_results_batch7464.rds, simulation_results_batch7467.rds, simulation_results_batch7470.rds, simulation_results_batch7473.rds, simulation_results_batch7476.rds, simulation_results_batch7479.rds, simulation_results_batch7482.rds, simulation_results_batch7485.rds, simulation_results_batch7488.rds
750	simulation_results_batch7491.rds, simulation_results_batch7494.rds, simulation_results_batch7497.rds, simulation_results_batch7500.rds, simulation_results_batch7503.rds, simulation_results_batch7506.rds, simulation_results_batch7509.rds, simulation_results_batch7512.rds, simulation_results_batch7515.rds, simulation_results_batch7518.rds
753	simulation_results_batch7521.rds, simulation_results_batch7524.rds, simulation_results_batch7527.rds, simulation_results_batch7530.rds, simulation_results_batch7533.rds, simulation_results_batch7536.rds, simulation_results_batch7539.rds, simulation_results_batch7542.rds, simulation_results_batch7545.rds, simulation_results_batch7548.rds
756	simulation_results_batch7551.rds, simulation_results_batch7554.rds, simulation_results_batch7557.rds, simulation_results_batch7560.rds, simulation_results_batch7563.rds, simulation_results_batch7566.rds, simulation_results_batch7569.rds, simulation_results_batch7572.rds, simulation_results_batch7575.rds, simulation_results_batch7578.rds
759	simulation_results_batch7581.rds, simulation_results_batch7584.rds, simulation_results_batch7587.rds, simulation_results_batch7590.rds, simulation_results_batch7593.rds, simulation_results_batch7596.rds, simulation_results_batch7599.rds, simulation_results_batch7602.rds, simulation_results_batch7605.rds, simulation_results_batch7608.rds
762	simulation_results_batch7611.rds, simulation_results_batch7614.rds, simulation_results_batch7617.rds, simulation_results_batch7620.rds, simulation_results_batch7623.rds, simulation_results_batch7626.rds, simulation_results_batch7629.rds, simulation_results_batch7632.rds, simulation_results_batch7635.rds, simulation_results_batch7638.rds
765	simulation_results_batch7641.rds, simulation_results_batch7644.rds, simulation_results_batch7647.rds, simulation_results_batch7650.rds, simulation_results_batch7653.rds, simulation_results_batch7656.rds, simulation_results_batch7659.rds, simulation_results_batch7662.rds, simulation_results_batch7665.rds, simulation_results_batch7668.rds
768	simulation_results_batch7671.rds, simulation_results_batch7674.rds, simulation_results_batch7677.rds, simulation_results_batch7680.rds, simulation_results_batch7683.rds, simulation_results_batch7686.rds, simulation_results_batch7689.rds, simulation_results_batch7692.rds, simulation_results_batch7695.rds, simulation_results_batch7698.rds
771	simulation_results_batch7701.rds, simulation_results_batch7704.rds, simulation_results_batch7707.rds, simulation_results_batch7710.rds, simulation_results_batch7713.rds, simulation_results_batch7716.rds, simulation_results_batch7719.rds, simulation_results_batch7722.rds, simulation_results_batch7725.rds, simulation_results_batch7728.rds
774	simulation_results_batch7731.rds, simulation_results_batch7734.rds, simulation_results_batch7737.rds, simulation_results_batch7740.rds, simulation_results_batch7743.rds, simulation_results_batch7746.rds, simulation_results_batch7749.rds, simulation_results_batch7752.rds, simulation_results_batch7755.rds, simulation_results_batch7758.rds
777	simulation_results_batch7761.rds, simulation_results_batch7764.rds, simulation_results_batch7767.rds, simulation_results_batch7770.rds, simulation_results_batch7773.rds, simulation_results_batch7776.rds, simulation_results_batch7779.rds, simulation_results_batch7782.rds, simulation_results_batch7785.rds, simulation_results_batch7788.rds
780	simulation_results_batch7791.rds, simulation_results_batch7794.rds, simulation_results_batch7797.rds, simulation_results_batch7800.rds, simulation_results_batch7803.rds, simulation_results_batch7806.rds, simulation_results_batch7809.rds, simulation_results_batch7812.rds, simulation_results_batch7815.rds, simulation_results_batch7818.rds
783	simulation_results_batch7821.rds, simulation_results_batch7824.rds, simulation_results_batch7827.rds, simulation_results_batch7830.rds, simulation_results_batch7833.rds, simulation_results_batch7836.rds, simulation_results_batch7839.rds, simulation_results_batch7842.rds, simulation_results_batch7845.rds, simulation_results_batch7848.rds
786	simulation_results_batch7851.rds, simulation_results_batch7854.rds, simulation_results_batch7857.rds, simulation_results_batch7860.rds, simulation_results_batch7863.rds, simulation_results_batch7866.rds, simulation_results_batch7869.rds, simulation_results_batch7872.rds, simulation_results_batch7875.rds, simulation_results_batch7878.rds
789	simulation_results_batch7881.rds, simulation_results_batch7884.rds, simulation_results_batch7887.rds, simulation_results_batch7890.rds, simulation_results_batch7893.rds, simulation_results_batch7896.rds, simulation_results_batch7899.rds, simulation_results_batch7902.rds, simulation_results_batch7905.rds, simulation_results_batch7908.rds
792	simulation_results_batch7911.rds, simulation_results_batch7914.rds, simulation_results_batch7917.rds, simulation_results_batch7920.rds, simulation_results_batch7923.rds, simulation_results_batch7926.rds, simulation_results_batch7929.rds, simulation_results_batch7932.rds, simulation_results_batch7935.rds, simulation_results_batch7938.rds
795	simulation_results_batch7941.rds, simulation_results_batch7944.rds, simulation_results_batch7947.rds, simulation_results_batch7950.rds, simulation_results_batch7953.rds, simulation_results_batch7956.rds, simulation_results_batch7959.rds, simulation_results_batch7962.rds, simulation_results_batch7965.rds, simulation_results_batch7968.rds
798	simulation_results_batch7971.rds, simulation_results_batch7974.rds, simulation_results_batch7977.rds, simulation_results_batch7980.rds, simulation_results_batch7983.rds, simulation_results_batch7986.rds, simulation_results_batch7989.rds, simulation_results_batch7992.rds, simulation_results_batch7995.rds, simulation_results_batch7998.rds
801	simulation_results_batch8001.rds, simulation_results_batch8004.rds, simulation_results_batch8007.rds, simulation_results_batch8010.rds, simulation_results_batch8013.rds, simulation_results_batch8016.rds, simulation_results_batch8019.rds, simulation_results_batch8022.rds, simulation_results_batch8025.rds, simulation_results_batch8028.rds
804	simulation_results_batch8031.rds, simulation_results_batch8034.rds, simulation_results_batch8037.rds, simulation_results_batch8040.rds, simulation_results_batch8043.rds, simulation_results_batch8046.rds, simulation_results_batch8049.rds, simulation_results_batch8052.rds, simulation_results_batch8055.rds, simulation_results_batch8058.rds
807	simulation_results_batch8061.rds, simulation_results_batch8064.rds, simulation_results_batch8067.rds, simulation_results_batch8070.rds, simulation_results_batch8073.rds, simulation_results_batch8076.rds, simulation_results_batch8079.rds, simulation_results_batch8082.rds, simulation_results_batch8085.rds, simulation_results_batch8088.rds
810	simulation_results_batch8091.rds, simulation_results_batch8094.rds, simulation_results_batch8097.rds, simulation_results_batch8100.rds, simulation_results_batch8103.rds, simulation_results_batch8106.rds, simulation_results_batch8109.rds, simulation_results_batch8112.rds, simulation_results_batch8115.rds, simulation_results_batch8118.rds
813	simulation_results_batch8121.rds, simulation_results_batch8124.rds, simulation_results_batch8127.rds, simulation_results_batch8130.rds, simulation_results_batch8133.rds, simulation_results_batch8136.rds, simulation_results_batch8139.rds, simulation_results_batch8142.rds, simulation_results_batch8145.rds, simulation_results_batch8148.rds
816	simulation_results_batch8151.rds, simulation_results_batch8154.rds, simulation_results_batch8157.rds, simulation_results_batch8160.rds, simulation_results_batch8163.rds, simulation_results_batch8166.rds, simulation_results_batch8169.rds, simulation_results_batch8172.rds, simulation_results_batch8175.rds, simulation_results_batch8178.rds
819	simulation_results_batch8181.rds, simulation_results_batch8184.rds, simulation_results_batch8187.rds, simulation_results_batch8190.rds, simulation_results_batch8193.rds, simulation_results_batch8196.rds, simulation_results_batch8199.rds, simulation_results_batch8202.rds, simulation_results_batch8205.rds, simulation_results_batch8208.rds
822	simulation_results_batch8211.rds, simulation_results_batch8214.rds, simulation_results_batch8217.rds, simulation_results_batch8220.rds, simulation_results_batch8223.rds, simulation_results_batch8226.rds, simulation_results_batch8229.rds, simulation_results_batch8232.rds, simulation_results_batch8235.rds, simulation_results_batch8238.rds
825	simulation_results_batch8241.rds, simulation_results_batch8244.rds, simulation_results_batch8247.rds, simulation_results_batch8250.rds, simulation_results_batch8253.rds, simulation_results_batch8256.rds, simulation_results_batch8259.rds, simulation_results_batch8262.rds, simulation_results_batch8265.rds, simulation_results_batch8268.rds
828	simulation_results_batch8271.rds, simulation_results_batch8274.rds, simulation_results_batch8277.rds, simulation_results_batch8280.rds, simulation_results_batch8283.rds, simulation_results_batch8286.rds, simulation_results_batch8289.rds, simulation_results_batch8292.rds, simulation_results_batch8295.rds, simulation_results_batch8298.rds
831	simulation_results_batch8301.rds, simulation_results_batch8304.rds, simulation_results_batch8307.rds, simulation_results_batch8310.rds, simulation_results_batch8313.rds, simulation_results_batch8316.rds, simulation_results_batch8319.rds, simulation_results_batch8322.rds, simulation_results_batch8325.rds, simulation_results_batch8328.rds
834	simulation_results_batch8331.rds, simulation_results_batch8334.rds, simulation_results_batch8337.rds, simulation_results_batch8340.rds, simulation_results_batch8343.rds, simulation_results_batch8346.rds, simulation_results_batch8349.rds, simulation_results_batch8352.rds, simulation_results_batch8355.rds, simulation_results_batch8358.rds
837	simulation_results_batch8361.rds, simulation_results_batch8364.rds, simulation_results_batch8367.rds, simulation_results_batch8370.rds, simulation_results_batch8373.rds, simulation_results_batch8376.rds, simulation_results_batch8379.rds, simulation_results_batch8382.rds, simulation_results_batch8385.rds, simulation_results_batch8388.rds
840	simulation_results_batch8391.rds, simulation_results_batch8394.rds, simulation_results_batch8397.rds, simulation_results_batch8400.rds, simulation_results_batch8403.rds, simulation_results_batch8406.rds, simulation_results_batch8409.rds, simulation_results_batch8412.rds, simulation_results_batch8415.rds, simulation_results_batch8418.rds
843	simulation_results_batch8421.rds, simulation_results_batch8424.rds, simulation_results_batch8427.rds, simulation_results_batch8430.rds, simulation_results_batch8433.rds, simulation_results_batch8436.rds, simulation_results_batch8439.rds, simulation_results_batch8442.rds, simulation_results_batch8445.rds, simulation_results_batch8448.rds
846	simulation_results_batch8451.rds, simulation_results_batch8454.rds, simulation_results_batch8457.rds, simulation_results_batch8460.rds, simulation_results_batch8463.rds, simulation_results_batch8466.rds, simulation_results_batch8469.rds, simulation_results_batch8472.rds, simulation_results_batch8475.rds, simulation_results_batch8478.rds
849	simulation_results_batch8481.rds, simulation_results_batch8484.rds, simulation_results_batch8487.rds, simulation_results_batch8490.rds, simulation_results_batch8493.rds, simulation_results_batch8496.rds, simulation_results_batch8499.rds, simulation_results_batch8502.rds, simulation_results_batch8505.rds, simulation_results_batch8508.rds
852	simulation_results_batch8511.rds, simulation_results_batch8514.rds, simulation_results_batch8517.rds, simulation_results_batch8520.rds, simulation_results_batch8523.rds, simulation_results_batch8526.rds, simulation_results_batch8529.rds, simulation_results_batch8532.rds, simulation_results_batch8535.rds, simulation_results_batch8538.rds
855	simulation_results_batch8541.rds, simulation_results_batch8544.rds, simulation_results_batch8547.rds, simulation_results_batch8550.rds, simulation_results_batch8553.rds, simulation_results_batch8556.rds, simulation_results_batch8559.rds, simulation_results_batch8562.rds, simulation_results_batch8565.rds, simulation_results_batch8568.rds
858	simulation_results_batch8571.rds, simulation_results_batch8574.rds, simulation_results_batch8577.rds, simulation_results_batch8580.rds, simulation_results_batch8583.rds, simulation_results_batch8586.rds, simulation_results_batch8589.rds, simulation_results_batch8592.rds, simulation_results_batch8595.rds, simulation_results_batch8598.rds
861	simulation_results_batch8601.rds, simulation_results_batch8604.rds, simulation_results_batch8607.rds, simulation_results_batch8610.rds, simulation_results_batch8613.rds, simulation_results_batch8616.rds, simulation_results_batch8619.rds, simulation_results_batch8622.rds, simulation_results_batch8625.rds, simulation_results_batch8628.rds
864	simulation_results_batch8631.rds, simulation_results_batch8634.rds, simulation_results_batch8637.rds, simulation_results_batch8640.rds, simulation_results_batch8643.rds, simulation_results_batch8646.rds, simulation_results_batch8649.rds, simulation_results_batch8652.rds, simulation_results_batch8655.rds, simulation_results_batch8658.rds
867	simulation_results_batch8661.rds, simulation_results_batch8664.rds, simulation_results_batch8667.rds, simulation_results_batch8670.rds, simulation_results_batch8673.rds, simulation_results_batch8676.rds, simulation_results_batch8679.rds, simulation_results_batch8682.rds, simulation_results_batch8685.rds, simulation_results_batch8688.rds
870	simulation_results_batch8691.rds, simulation_results_batch8694.rds, simulation_results_batch8697.rds, simulation_results_batch8700.rds, simulation_results_batch8703.rds, simulation_results_batch8706.rds, simulation_results_batch8709.rds, simulation_results_batch8712.rds, simulation_results_batch8715.rds, simulation_results_batch8718.rds
873	simulation_results_batch8721.rds, simulation_results_batch8724.rds, simulation_results_batch8727.rds, simulation_results_batch8730.rds, simulation_results_batch8733.rds, simulation_results_batch8736.rds, simulation_results_batch8739.rds, simulation_results_batch8742.rds, simulation_results_batch8745.rds, simulation_results_batch8748.rds
876	simulation_results_batch8751.rds, simulation_results_batch8754.rds, simulation_results_batch8757.rds, simulation_results_batch8760.rds, simulation_results_batch8763.rds, simulation_results_batch8766.rds, simulation_results_batch8769.rds, simulation_results_batch8772.rds, simulation_results_batch8775.rds, simulation_results_batch8778.rds
879	simulation_results_batch8781.rds, simulation_results_batch8784.rds, simulation_results_batch8787.rds, simulation_results_batch8790.rds, simulation_results_batch8793.rds, simulation_results_batch8796.rds, simulation_results_batch8799.rds, simulation_results_batch8802.rds, simulation_results_batch8805.rds, simulation_results_batch8808.rds
882	simulation_results_batch8811.rds, simulation_results_batch8814.rds, simulation_results_batch8817.rds, simulation_results_batch8820.rds, simulation_results_batch8823.rds, simulation_results_batch8826.rds, simulation_results_batch8829.rds, simulation_results_batch8832.rds, simulation_results_batch8835.rds, simulation_results_batch8838.rds
885	simulation_results_batch8841.rds, simulation_results_batch8844.rds, simulation_results_batch8847.rds, simulation_results_batch8850.rds, simulation_results_batch8853.rds, simulation_results_batch8856.rds, simulation_results_batch8859.rds, simulation_results_batch8862.rds, simulation_results_batch8865.rds, simulation_results_batch8868.rds
888	simulation_results_batch8871.rds, simulation_results_batch8874.rds, simulation_results_batch8877.rds, simulation_results_batch8880.rds, simulation_results_batch8883.rds, simulation_results_batch8886.rds, simulation_results_batch8889.rds, simulation_results_batch8892.rds, simulation_results_batch8895.rds, simulation_results_batch8898.rds
891	simulation_results_batch8901.rds, simulation_results_batch8904.rds, simulation_results_batch8907.rds, simulation_results_batch8910.rds, simulation_results_batch8913.rds, simulation_results_batch8916.rds, simulation_results_batch8919.rds, simulation_results_batch8922.rds, simulation_results_batch8925.rds, simulation_results_batch8928.rds
894	simulation_results_batch8931.rds, simulation_results_batch8934.rds, simulation_results_batch8937.rds, simulation_results_batch8940.rds, simulation_results_batch8943.rds, simulation_results_batch8946.rds, simulation_results_batch8949.rds, simulation_results_batch8952.rds, simulation_results_batch8955.rds, simulation_results_batch8958.rds
897	simulation_results_batch8961.rds, simulation_results_batch8964.rds, simulation_results_batch8967.rds, simulation_results_batch8970.rds, simulation_results_batch8973.rds, simulation_results_batch8976.rds, simulation_results_batch8979.rds, simulation_results_batch8982.rds, simulation_results_batch8985.rds, simulation_results_batch8988.rds
900	simulation_results_batch8991.rds, simulation_results_batch8994.rds, simulation_results_batch8997.rds, simulation_results_batch9000.rds, simulation_results_batch9003.rds, simulation_results_batch9006.rds, simulation_results_batch9009.rds, simulation_results_batch9012.rds, simulation_results_batch9015.rds, simulation_results_batch9018.rds
903	simulation_results_batch9021.rds, simulation_results_batch9024.rds, simulation_results_batch9027.rds, simulation_results_batch9030.rds, simulation_results_batch9033.rds, simulation_results_batch9036.rds, simulation_results_batch9039.rds, simulation_results_batch9042.rds, simulation_results_batch9045.rds, simulation_results_batch9048.rds
906	simulation_results_batch9051.rds, simulation_results_batch9054.rds, simulation_results_batch9057.rds, simulation_results_batch9060.rds, simulation_results_batch9063.rds, simulation_results_batch9066.rds, simulation_results_batch9069.rds, simulation_results_batch9072.rds, simulation_results_batch9075.rds, simulation_results_batch9078.rds
909	simulation_results_batch9081.rds, simulation_results_batch9084.rds, simulation_results_batch9087.rds, simulation_results_batch9090.rds, simulation_results_batch9093.rds, simulation_results_batch9096.rds, simulation_results_batch9099.rds, simulation_results_batch9102.rds, simulation_results_batch9105.rds, simulation_results_batch9108.rds
912	simulation_results_batch9111.rds, simulation_results_batch9114.rds, simulation_results_batch9117.rds, simulation_results_batch9120.rds, simulation_results_batch9123.rds, simulation_results_batch9126.rds, simulation_results_batch9129.rds, simulation_results_batch9132.rds, simulation_results_batch9135.rds, simulation_results_batch9138.rds
915	simulation_results_batch9141.rds, simulation_results_batch9144.rds, simulation_results_batch9147.rds, simulation_results_batch9150.rds, simulation_results_batch9153.rds, simulation_results_batch9156.rds, simulation_results_batch9159.rds, simulation_results_batch9162.rds, simulation_results_batch9165.rds, simulation_results_batch9168.rds
918	simulation_results_batch9171.rds, simulation_results_batch9174.rds, simulation_results_batch9177.rds, simulation_results_batch9180.rds, simulation_results_batch9183.rds, simulation_results_batch9186.rds, simulation_results_batch9189.rds, simulation_results_batch9192.rds, simulation_results_batch9195.rds, simulation_results_batch9198.rds
921	simulation_results_batch9201.rds, simulation_results_batch9204.rds, simulation_results_batch9207.rds, simulation_results_batch9210.rds, simulation_results_batch9213.rds, simulation_results_batch9216.rds, simulation_results_batch9219.rds, simulation_results_batch9222.rds, simulation_results_batch9225.rds, simulation_results_batch9228.rds
924	simulation_results_batch9231.rds, simulation_results_batch9234.rds, simulation_results_batch9237.rds, simulation_results_batch9240.rds, simulation_results_batch9243.rds, simulation_results_batch9246.rds, simulation_results_batch9249.rds, simulation_results_batch9252.rds, simulation_results_batch9255.rds, simulation_results_batch9258.rds
927	simulation_results_batch9261.rds, simulation_results_batch9264.rds, simulation_results_batch9267.rds, simulation_results_batch9270.rds, simulation_results_batch9273.rds, simulation_results_batch9276.rds, simulation_results_batch9279.rds, simulation_results_batch9282.rds, simulation_results_batch9285.rds, simulation_results_batch9288.rds
930	simulation_results_batch9291.rds, simulation_results_batch9294.rds, simulation_results_batch9297.rds, simulation_results_batch9300.rds, simulation_results_batch9303.rds, simulation_results_batch9306.rds, simulation_results_batch9309.rds, simulation_results_batch9312.rds, simulation_results_batch9315.rds, simulation_results_batch9318.rds
933	simulation_results_batch9321.rds, simulation_results_batch9324.rds, simulation_results_batch9327.rds, simulation_results_batch9330.rds, simulation_results_batch9333.rds, simulation_results_batch9336.rds, simulation_results_batch9339.rds, simulation_results_batch9342.rds, simulation_results_batch9345.rds, simulation_results_batch9348.rds
936	simulation_results_batch9351.rds, simulation_results_batch9354.rds, simulation_results_batch9357.rds, simulation_results_batch9360.rds, simulation_results_batch9363.rds, simulation_results_batch9366.rds, simulation_results_batch9369.rds, simulation_results_batch9372.rds, simulation_results_batch9375.rds, simulation_results_batch9378.rds
939	simulation_results_batch9381.rds, simulation_results_batch9384.rds, simulation_results_batch9387.rds, simulation_results_batch9390.rds, simulation_results_batch9393.rds, simulation_results_batch9396.rds, simulation_results_batch9399.rds, simulation_results_batch9402.rds, simulation_results_batch9405.rds, simulation_results_batch9408.rds
942	simulation_results_batch9411.rds, simulation_results_batch9414.rds, simulation_results_batch9417.rds, simulation_results_batch9420.rds, simulation_results_batch9423.rds, simulation_results_batch9426.rds, simulation_results_batch9429.rds, simulation_results_batch9432.rds, simulation_results_batch9435.rds, simulation_results_batch9438.rds
945	simulation_results_batch9441.rds, simulation_results_batch9444.rds, simulation_results_batch9447.rds, simulation_results_batch9450.rds, simulation_results_batch9453.rds, simulation_results_batch9456.rds, simulation_results_batch9459.rds, simulation_results_batch9462.rds, simulation_results_batch9465.rds, simulation_results_batch9468.rds
948	simulation_results_batch9471.rds, simulation_results_batch9474.rds, simulation_results_batch9477.rds, simulation_results_batch9480.rds, simulation_results_batch9483.rds, simulation_results_batch9486.rds, simulation_results_batch9489.rds, simulation_results_batch9492.rds, simulation_results_batch9495.rds, simulation_results_batch9498.rds
951	simulation_results_batch9501.rds, simulation_results_batch9504.rds, simulation_results_batch9507.rds, simulation_results_batch9510.rds, simulation_results_batch9513.rds, simulation_results_batch9516.rds, simulation_results_batch9519.rds, simulation_results_batch9522.rds, simulation_results_batch9525.rds, simulation_results_batch9528.rds
954	simulation_results_batch9531.rds, simulation_results_batch9534.rds, simulation_results_batch9537.rds, simulation_results_batch9540.rds, simulation_results_batch9543.rds, simulation_results_batch9546.rds, simulation_results_batch9549.rds, simulation_results_batch9552.rds, simulation_results_batch9555.rds, simulation_results_batch9558.rds
957	simulation_results_batch9561.rds, simulation_results_batch9564.rds, simulation_results_batch9567.rds, simulation_results_batch9570.rds, simulation_results_batch9573.rds, simulation_results_batch9576.rds, simulation_results_batch9579.rds, simulation_results_batch9582.rds, simulation_results_batch9585.rds, simulation_results_batch9588.rds
960	simulation_results_batch9591.rds, simulation_results_batch9594.rds, simulation_results_batch9597.rds, simulation_results_batch9600.rds, simulation_results_batch9603.rds, simulation_results_batch9606.rds, simulation_results_batch9609.rds, simulation_results_batch9612.rds, simulation_results_batch9615.rds, simulation_results_batch9618.rds
963	simulation_results_batch9621.rds, simulation_results_batch9624.rds, simulation_results_batch9627.rds, simulation_results_batch9630.rds, simulation_results_batch9633.rds, simulation_results_batch9636.rds, simulation_results_batch9639.rds, simulation_results_batch9642.rds, simulation_results_batch9645.rds, simulation_results_batch9648.rds
966	simulation_results_batch9651.rds, simulation_results_batch9654.rds, simulation_results_batch9657.rds, simulation_results_batch9660.rds, simulation_results_batch9663.rds, simulation_results_batch9666.rds, simulation_results_batch9669.rds, simulation_results_batch9672.rds, simulation_results_batch9675.rds, simulation_results_batch9678.rds
969	simulation_results_batch9681.rds, simulation_results_batch9684.rds, simulation_results_batch9687.rds, simulation_results_batch9690.rds, simulation_results_batch9693.rds, simulation_results_batch9696.rds, simulation_results_batch9699.rds, simulation_results_batch9702.rds, simulation_results_batch9705.rds, simulation_results_batch9708.rds
972	simulation_results_batch9711.rds, simulation_results_batch9714.rds, simulation_results_batch9717.rds, simulation_results_batch9720.rds, simulation_results_batch9723.rds, simulation_results_batch9726.rds, simulation_results_batch9729.rds, simulation_results_batch9732.rds, simulation_results_batch9735.rds, simulation_results_batch9738.rds
975	simulation_results_batch9741.rds, simulation_results_batch9744.rds, simulation_results_batch9747.rds, simulation_results_batch9750.rds, simulation_results_batch9753.rds, simulation_results_batch9756.rds, simulation_results_batch9759.rds, simulation_results_batch9762.rds, simulation_results_batch9765.rds, simulation_results_batch9768.rds
978	simulation_results_batch9771.rds, simulation_results_batch9774.rds, simulation_results_batch9777.rds, simulation_results_batch9780.rds, simulation_results_batch9783.rds, simulation_results_batch9786.rds, simulation_results_batch9789.rds, simulation_results_batch9792.rds, simulation_results_batch9795.rds, simulation_results_batch9798.rds
981	simulation_results_batch9801.rds, simulation_results_batch9804.rds, simulation_results_batch9807.rds, simulation_results_batch9810.rds, simulation_results_batch9813.rds, simulation_results_batch9816.rds, simulation_results_batch9819.rds, simulation_results_batch9822.rds, simulation_results_batch9825.rds, simulation_results_batch9828.rds
984	simulation_results_batch9831.rds, simulation_results_batch9834.rds, simulation_results_batch9837.rds, simulation_results_batch9840.rds, simulation_results_batch9843.rds, simulation_results_batch9846.rds, simulation_results_batch9849.rds, simulation_results_batch9852.rds, simulation_results_batch9855.rds, simulation_results_batch9858.rds
987	simulation_results_batch9861.rds, simulation_results_batch9864.rds, simulation_results_batch9867.rds, simulation_results_batch9870.rds, simulation_results_batch9873.rds, simulation_results_batch9876.rds, simulation_results_batch9879.rds, simulation_results_batch9882.rds, simulation_results_batch9885.rds, simulation_results_batch9888.rds
990	simulation_results_batch9891.rds, simulation_results_batch9894.rds, simulation_results_batch9897.rds, simulation_results_batch9900.rds, simulation_results_batch9903.rds, simulation_results_batch9906.rds, simulation_results_batch9909.rds, simulation_results_batch9912.rds, simulation_results_batch9915.rds, simulation_results_batch9918.rds
993	simulation_results_batch9921.rds, simulation_results_batch9924.rds, simulation_results_batch9927.rds, simulation_results_batch9930.rds, simulation_results_batch9933.rds, simulation_results_batch9936.rds, simulation_results_batch9939.rds, simulation_results_batch9942.rds, simulation_results_batch9945.rds, simulation_results_batch9948.rds
996	simulation_results_batch9951.rds, simulation_results_batch9954.rds, simulation_results_batch9957.rds, simulation_results_batch9960.rds, simulation_results_batch9963.rds, simulation_results_batch9966.rds, simulation_results_batch9969.rds, simulation_results_batch9972.rds, simulation_results_batch9975.rds, simulation_results_batch9978.rds
999	simulation_results_batch9981.rds, simulation_results_batch9984.rds, simulation_results_batch9987.rds, simulation_results_batch9990.rds, simulation_results_batch9993.rds, simulation_results_batch9996.rds, simulation_results_batch9999.rds, simulation_results_batch10002.rds, simulation_results_batch10005.rds, simulation_results_batch10008.rds
1002	simulation_results_batch10011.rds, simulation_results_batch10014.rds, simulation_results_batch10017.rds, simulation_results_batch10020.rds, simulation_results_batch10023.rds, simulation_results_batch10026.rds, simulation_results_batch10029.rds, simulation_results_batch10032.rds, simulation_results_batch10035.rds, simulation_results_batch10038.rds
1005	simulation_results_batch10041.rds, simulation_results_batch10044.rds, simulation_results_batch10047.rds, simulation_results_batch10050.rds, simulation_results_batch10053.rds, simulation_results_batch10056.rds, simulation_results_batch10059.rds, simulation_results_batch10062.rds, simulation_results_batch10065.rds, simulation_results_batch10068.rds
1008	simulation_results_batch10071.rds, simulation_results_batch10074.rds, simulation_results_batch10077.rds, simulation_results_batch10080.rds, simulation_results_batch10083.rds, simulation_results_batch10086.rds, simulation_results_batch10089.rds, simulation_results_batch10092.rds, simulation_results_batch10095.rds, simulation_results_batch10098.rds
1011	simulation_results_batch10101.rds, simulation_results_batch10104.rds, simulation_results_batch10107.rds, simulation_results_batch10110.rds, simulation_results_batch10113.rds, simulation_results_batch10116.rds, simulation_results_batch10119.rds, simulation_results_batch10122.rds, simulation_results_batch10125.rds, simulation_results_batch10128.rds
1014	simulation_results_batch10131.rds, simulation_results_batch10134.rds, simulation_results_batch10137.rds, simulation_results_batch10140.rds, simulation_results_batch10143.rds, simulation_results_batch10146.rds, simulation_results_batch10149.rds, simulation_results_batch10152.rds, simulation_results_batch10155.rds, simulation_results_batch10158.rds
1017	simulation_results_batch10161.rds, simulation_results_batch10164.rds, simulation_results_batch10167.rds, simulation_results_batch10170.rds, simulation_results_batch10173.rds, simulation_results_batch10176.rds, simulation_results_batch10179.rds, simulation_results_batch10182.rds, simulation_results_batch10185.rds, simulation_results_batch10188.rds
1020	simulation_results_batch10191.rds, simulation_results_batch10194.rds, simulation_results_batch10197.rds, simulation_results_batch10200.rds, simulation_results_batch10203.rds, simulation_results_batch10206.rds, simulation_results_batch10209.rds, simulation_results_batch10212.rds, simulation_results_batch10215.rds, simulation_results_batch10218.rds
1023	simulation_results_batch10221.rds, simulation_results_batch10224.rds, simulation_results_batch10227.rds, simulation_results_batch10230.rds, simulation_results_batch10233.rds, simulation_results_batch10236.rds, simulation_results_batch10239.rds, simulation_results_batch10242.rds, simulation_results_batch10245.rds, simulation_results_batch10248.rds
1026	simulation_results_batch10251.rds, simulation_results_batch10254.rds, simulation_results_batch10257.rds, simulation_results_batch10260.rds, simulation_results_batch10263.rds, simulation_results_batch10266.rds, simulation_results_batch10269.rds, simulation_results_batch10272.rds, simulation_results_batch10275.rds, simulation_results_batch10278.rds
1029	simulation_results_batch10281.rds, simulation_results_batch10284.rds, simulation_results_batch10287.rds, simulation_results_batch10290.rds, simulation_results_batch10293.rds, simulation_results_batch10296.rds, simulation_results_batch10299.rds, simulation_results_batch10302.rds, simulation_results_batch10305.rds, simulation_results_batch10308.rds
1032	simulation_results_batch10311.rds, simulation_results_batch10314.rds, simulation_results_batch10317.rds, simulation_results_batch10320.rds, simulation_results_batch10323.rds, simulation_results_batch10326.rds, simulation_results_batch10329.rds, simulation_results_batch10332.rds, simulation_results_batch10335.rds, simulation_results_batch10338.rds
1035	simulation_results_batch10341.rds, simulation_results_batch10344.rds, simulation_results_batch10347.rds, simulation_results_batch10350.rds, simulation_results_batch10353.rds, simulation_results_batch10356.rds, simulation_results_batch10359.rds, simulation_results_batch10362.rds, simulation_results_batch10365.rds, simulation_results_batch10368.rds
1038	simulation_results_batch10371.rds, simulation_results_batch10374.rds, simulation_results_batch10377.rds, simulation_results_batch10380.rds, simulation_results_batch10383.rds, simulation_results_batch10386.rds, simulation_results_batch10389.rds, simulation_results_batch10392.rds, simulation_results_batch10395.rds, simulation_results_batch10398.rds
1041	simulation_results_batch10401.rds, simulation_results_batch10404.rds, simulation_results_batch10407.rds, simulation_results_batch10410.rds, simulation_results_batch10413.rds, simulation_results_batch10416.rds, simulation_results_batch10419.rds, simulation_results_batch10422.rds, simulation_results_batch10425.rds, simulation_results_batch10428.rds
1044	simulation_results_batch10431.rds, simulation_results_batch10434.rds, simulation_results_batch10437.rds, simulation_results_batch10440.rds, simulation_results_batch10443.rds, simulation_results_batch10446.rds, simulation_results_batch10449.rds, simulation_results_batch10452.rds, simulation_results_batch10455.rds, simulation_results_batch10458.rds
1047	simulation_results_batch10461.rds, simulation_results_batch10464.rds, simulation_results_batch10467.rds, simulation_results_batch10470.rds, simulation_results_batch10473.rds, simulation_results_batch10476.rds, simulation_results_batch10479.rds, simulation_results_batch10482.rds, simulation_results_batch10485.rds, simulation_results_batch10488.rds
1050	simulation_results_batch10491.rds, simulation_results_batch10494.rds, simulation_results_batch10497.rds, simulation_results_batch10500.rds, simulation_results_batch10503.rds, simulation_results_batch10506.rds, simulation_results_batch10509.rds, simulation_results_batch10512.rds, simulation_results_batch10515.rds, simulation_results_batch10518.rds
1053	simulation_results_batch10521.rds, simulation_results_batch10524.rds, simulation_results_batch10527.rds, simulation_results_batch10530.rds, simulation_results_batch10533.rds, simulation_results_batch10536.rds, simulation_results_batch10539.rds, simulation_results_batch10542.rds, simulation_results_batch10545.rds, simulation_results_batch10548.rds
1056	simulation_results_batch10551.rds, simulation_results_batch10554.rds, simulation_results_batch10557.rds, simulation_results_batch10560.rds, simulation_results_batch10563.rds, simulation_results_batch10566.rds, simulation_results_batch10569.rds, simulation_results_batch10572.rds, simulation_results_batch10575.rds, simulation_results_batch10578.rds
1059	simulation_results_batch10581.rds, simulation_results_batch10584.rds, simulation_results_batch10587.rds, simulation_results_batch10590.rds, simulation_results_batch10593.rds, simulation_results_batch10596.rds, simulation_results_batch10599.rds, simulation_results_batch10602.rds, simulation_results_batch10605.rds, simulation_results_batch10608.rds
1062	simulation_results_batch10611.rds, simulation_results_batch10614.rds, simulation_results_batch10617.rds, simulation_results_batch10620.rds, simulation_results_batch10623.rds, simulation_results_batch10626.rds, simulation_results_batch10629.rds, simulation_results_batch10632.rds, simulation_results_batch10635.rds, simulation_results_batch10638.rds
1065	simulation_results_batch10641.rds, simulation_results_batch10644.rds, simulation_results_batch10647.rds, simulation_results_batch10650.rds, simulation_results_batch10653.rds, simulation_results_batch10656.rds, simulation_results_batch10659.rds, simulation_results_batch10662.rds, simulation_results_batch10665.rds, simulation_results_batch10668.rds
1068	simulation_results_batch10671.rds, simulation_results_batch10674.rds, simulation_results_batch10677.rds, simulation_results_batch10680.rds, simulation_results_batch10683.rds, simulation_results_batch10686.rds, simulation_results_batch10689.rds, simulation_results_batch10692.rds, simulation_results_batch10695.rds, simulation_results_batch10698.rds
1071	simulation_results_batch10701.rds, simulation_results_batch10704.rds, simulation_results_batch10707.rds, simulation_results_batch10710.rds, simulation_results_batch10713.rds, simulation_results_batch10716.rds, simulation_results_batch10719.rds, simulation_results_batch10722.rds, simulation_results_batch10725.rds, simulation_results_batch10728.rds
1074	simulation_results_batch10731.rds, simulation_results_batch10734.rds, simulation_results_batch10737.rds, simulation_results_batch10740.rds, simulation_results_batch10743.rds, simulation_results_batch10746.rds, simulation_results_batch10749.rds, simulation_results_batch10752.rds, simulation_results_batch10755.rds, simulation_results_batch10758.rds
1077	simulation_results_batch10761.rds, simulation_results_batch10764.rds, simulation_results_batch10767.rds, simulation_results_batch10770.rds, simulation_results_batch10773.rds, simulation_results_batch10776.rds, simulation_results_batch10779.rds, simulation_results_batch10782.rds, simulation_results_batch10785.rds, simulation_results_batch10788.rds
1080	simulation_results_batch10791.rds, simulation_results_batch10794.rds, simulation_results_batch10797.rds, simulation_results_batch10800.rds, simulation_results_batch10803.rds, simulation_results_batch10806.rds, simulation_results_batch10809.rds, simulation_results_batch10812.rds, simulation_results_batch10815.rds, simulation_results_batch10818.rds
1083	simulation_results_batch10821.rds, simulation_results_batch10824.rds, simulation_results_batch10827.rds, simulation_results_batch10830.rds, simulation_results_batch10833.rds, simulation_results_batch10836.rds, simulation_results_batch10839.rds, simulation_results_batch10842.rds, simulation_results_batch10845.rds, simulation_results_batch10848.rds
1086	simulation_results_batch10851.rds, simulation_results_batch10854.rds, simulation_results_batch10857.rds, simulation_results_batch10860.rds, simulation_results_batch10863.rds, simulation_results_batch10866.rds, simulation_results_batch10869.rds, simulation_results_batch10872.rds, simulation_results_batch10875.rds, simulation_results_batch10878.rds
1089	simulation_results_batch10881.rds, simulation_results_batch10884.rds, simulation_results_batch10887.rds, simulation_results_batch10890.rds, simulation_results_batch10893.rds, simulation_results_batch10896.rds, simulation_results_batch10899.rds, simulation_results_batch10902.rds, simulation_results_batch10905.rds, simulation_results_batch10908.rds
1092	simulation_results_batch10911.rds, simulation_results_batch10914.rds, simulation_results_batch10917.rds, simulation_results_batch10920.rds, simulation_results_batch10923.rds, simulation_results_batch10926.rds, simulation_results_batch10929.rds, simulation_results_batch10932.rds, simulation_results_batch10935.rds, simulation_results_batch10938.rds
1095	simulation_results_batch10941.rds, simulation_results_batch10944.rds, simulation_results_batch10947.rds, simulation_results_batch10950.rds, simulation_results_batch10953.rds, simulation_results_batch10956.rds, simulation_results_batch10959.rds, simulation_results_batch10962.rds, simulation_results_batch10965.rds, simulation_results_batch10968.rds
1098	simulation_results_batch10971.rds, simulation_results_batch10974.rds, simulation_results_batch10977.rds, simulation_results_batch10980.rds, simulation_results_batch10983.rds, simulation_results_batch10986.rds, simulation_results_batch10989.rds, simulation_results_batch10992.rds, simulation_results_batch10995.rds, simulation_results_batch10998.rds
1101	simulation_results_batch11001.rds, simulation_results_batch11004.rds, simulation_results_batch11007.rds, simulation_results_batch11010.rds, simulation_results_batch11013.rds, simulation_results_batch11016.rds, simulation_results_batch11019.rds, simulation_results_batch11022.rds, simulation_results_batch11025.rds, simulation_results_batch11028.rds
1104	simulation_results_batch11031.rds, simulation_results_batch11034.rds, simulation_results_batch11037.rds, simulation_results_batch11040.rds, simulation_results_batch11043.rds, simulation_results_batch11046.rds, simulation_results_batch11049.rds, simulation_results_batch11052.rds, simulation_results_batch11055.rds, simulation_results_batch11058.rds
1107	simulation_results_batch11061.rds, simulation_results_batch11064.rds, simulation_results_batch11067.rds, simulation_results_batch11070.rds, simulation_results_batch11073.rds, simulation_results_batch11076.rds, simulation_results_batch11079.rds, simulation_results_batch11082.rds, simulation_results_batch11085.rds, simulation_results_batch11088.rds
1110	simulation_results_batch11091.rds, simulation_results_batch11094.rds, simulation_results_batch11097.rds, simulation_results_batch11100.rds, simulation_results_batch11103.rds, simulation_results_batch11106.rds, simulation_results_batch11109.rds, simulation_results_batch11112.rds, simulation_results_batch11115.rds, simulation_results_batch11118.rds
1113	simulation_results_batch11121.rds, simulation_results_batch11124.rds, simulation_results_batch11127.rds, simulation_results_batch11130.rds, simulation_results_batch11133.rds, simulation_results_batch11136.rds, simulation_results_batch11139.rds, simulation_results_batch11142.rds, simulation_results_batch11145.rds, simulation_results_batch11148.rds
1116	simulation_results_batch11151.rds, simulation_results_batch11154.rds, simulation_results_batch11157.rds, simulation_results_batch11160.rds, simulation_results_batch11163.rds, simulation_results_batch11166.rds, simulation_results_batch11169.rds, simulation_results_batch11172.rds, simulation_results_batch11175.rds, simulation_results_batch11178.rds
1119	simulation_results_batch11181.rds, simulation_results_batch11184.rds, simulation_results_batch11187.rds, simulation_results_batch11190.rds, simulation_results_batch11193.rds, simulation_results_batch11196.rds, simulation_results_batch11199.rds, simulation_results_batch11202.rds, simulation_results_batch11205.rds, simulation_results_batch11208.rds
1122	simulation_results_batch11211.rds, simulation_results_batch11214.rds, simulation_results_batch11217.rds, simulation_results_batch11220.rds, simulation_results_batch11223.rds, simulation_results_batch11226.rds, simulation_results_batch11229.rds, simulation_results_batch11232.rds, simulation_results_batch11235.rds, simulation_results_batch11238.rds
1125	simulation_results_batch11241.rds, simulation_results_batch11244.rds, simulation_results_batch11247.rds, simulation_results_batch11250.rds, simulation_results_batch11253.rds, simulation_results_batch11256.rds, simulation_results_batch11259.rds, simulation_results_batch11262.rds, simulation_results_batch11265.rds, simulation_results_batch11268.rds
1128	simulation_results_batch11271.rds, simulation_results_batch11274.rds, simulation_results_batch11277.rds, simulation_results_batch11280.rds, simulation_results_batch11283.rds, simulation_results_batch11286.rds, simulation_results_batch11289.rds, simulation_results_batch11292.rds, simulation_results_batch11295.rds, simulation_results_batch11298.rds
1131	simulation_results_batch11301.rds, simulation_results_batch11304.rds, simulation_results_batch11307.rds, simulation_results_batch11310.rds, simulation_results_batch11313.rds, simulation_results_batch11316.rds, simulation_results_batch11319.rds, simulation_results_batch11322.rds, simulation_results_batch11325.rds, simulation_results_batch11328.rds
1134	simulation_results_batch11331.rds, simulation_results_batch11334.rds, simulation_results_batch11337.rds, simulation_results_batch11340.rds, simulation_results_batch11343.rds, simulation_results_batch11346.rds, simulation_results_batch11349.rds, simulation_results_batch11352.rds, simulation_results_batch11355.rds, simulation_results_batch11358.rds
1137	simulation_results_batch11361.rds, simulation_results_batch11364.rds, simulation_results_batch11367.rds, simulation_results_batch11370.rds, simulation_results_batch11373.rds, simulation_results_batch11376.rds, simulation_results_batch11379.rds, simulation_results_batch11382.rds, simulation_results_batch11385.rds, simulation_results_batch11388.rds
1140	simulation_results_batch11391.rds, simulation_results_batch11394.rds, simulation_results_batch11397.rds, simulation_results_batch11400.rds, simulation_results_batch11403.rds, simulation_results_batch11406.rds, simulation_results_batch11409.rds, simulation_results_batch11412.rds, simulation_results_batch11415.rds, simulation_results_batch11418.rds
1143	simulation_results_batch11421.rds, simulation_results_batch11424.rds, simulation_results_batch11427.rds, simulation_results_batch11430.rds, simulation_results_batch11433.rds, simulation_results_batch11436.rds, simulation_results_batch11439.rds, simulation_results_batch11442.rds, simulation_results_batch11445.rds, simulation_results_batch11448.rds
1146	simulation_results_batch11451.rds, simulation_results_batch11454.rds, simulation_results_batch11457.rds, simulation_results_batch11460.rds, simulation_results_batch11463.rds, simulation_results_batch11466.rds, simulation_results_batch11469.rds, simulation_results_batch11472.rds, simulation_results_batch11475.rds, simulation_results_batch11478.rds
1149	simulation_results_batch11481.rds, simulation_results_batch11484.rds, simulation_results_batch11487.rds, simulation_results_batch11490.rds, simulation_results_batch11493.rds, simulation_results_batch11496.rds, simulation_results_batch11499.rds, simulation_results_batch11502.rds, simulation_results_batch11505.rds, simulation_results_batch11508.rds
1152	simulation_results_batch11511.rds, simulation_results_batch11514.rds, simulation_results_batch11517.rds, simulation_results_batch11520.rds, simulation_results_batch11523.rds, simulation_results_batch11526.rds, simulation_results_batch11529.rds, simulation_results_batch11532.rds, simulation_results_batch11535.rds, simulation_results_batch11538.rds
1155	simulation_results_batch11541.rds, simulation_results_batch11544.rds, simulation_results_batch11547.rds, simulation_results_batch11550.rds, simulation_results_batch11553.rds, simulation_results_batch11556.rds, simulation_results_batch11559.rds, simulation_results_batch11562.rds, simulation_results_batch11565.rds, simulation_results_batch11568.rds
1158	simulation_results_batch11571.rds, simulation_results_batch11574.rds, simulation_results_batch11577.rds, simulation_results_batch11580.rds, simulation_results_batch11583.rds, simulation_results_batch11586.rds, simulation_results_batch11589.rds, simulation_results_batch11592.rds, simulation_results_batch11595.rds, simulation_results_batch11598.rds
1161	simulation_results_batch11601.rds, simulation_results_batch11604.rds, simulation_results_batch11607.rds, simulation_results_batch11610.rds, simulation_results_batch11613.rds, simulation_results_batch11616.rds, simulation_results_batch11619.rds, simulation_results_batch11622.rds, simulation_results_batch11625.rds, simulation_results_batch11628.rds
1164	simulation_results_batch11631.rds, simulation_results_batch11634.rds, simulation_results_batch11637.rds, simulation_results_batch11640.rds, simulation_results_batch11643.rds, simulation_results_batch11646.rds, simulation_results_batch11649.rds, simulation_results_batch11652.rds, simulation_results_batch11655.rds, simulation_results_batch11658.rds
1167	simulation_results_batch11661.rds, simulation_results_batch11664.rds, simulation_results_batch11667.rds, simulation_results_batch11670.rds, simulation_results_batch11673.rds, simulation_results_batch11676.rds, simulation_results_batch11679.rds, simulation_results_batch11682.rds, simulation_results_batch11685.rds, simulation_results_batch11688.rds
1170	simulation_results_batch11691.rds, simulation_results_batch11694.rds, simulation_results_batch11697.rds, simulation_results_batch11700.rds, simulation_results_batch11703.rds, simulation_results_batch11706.rds, simulation_results_batch11709.rds, simulation_results_batch11712.rds, simulation_results_batch11715.rds, simulation_results_batch11718.rds
1173	simulation_results_batch11721.rds, simulation_results_batch11724.rds, simulation_results_batch11727.rds, simulation_results_batch11730.rds, simulation_results_batch11733.rds, simulation_results_batch11736.rds, simulation_results_batch11739.rds, simulation_results_batch11742.rds, simulation_results_batch11745.rds, simulation_results_batch11748.rds
1176	simulation_results_batch11751.rds, simulation_results_batch11754.rds, simulation_results_batch11757.rds, simulation_results_batch11760.rds, simulation_results_batch11763.rds, simulation_results_batch11766.rds, simulation_results_batch11769.rds, simulation_results_batch11772.rds, simulation_results_batch11775.rds, simulation_results_batch11778.rds
1179	simulation_results_batch11781.rds, simulation_results_batch11784.rds, simulation_results_batch11787.rds, simulation_results_batch11790.rds, simulation_results_batch11793.rds, simulation_results_batch11796.rds, simulation_results_batch11799.rds, simulation_results_batch11802.rds, simulation_results_batch11805.rds, simulation_results_batch11808.rds
1182	simulation_results_batch11811.rds, simulation_results_batch11814.rds, simulation_results_batch11817.rds, simulation_results_batch11820.rds, simulation_results_batch11823.rds, simulation_results_batch11826.rds, simulation_results_batch11829.rds, simulation_results_batch11832.rds, simulation_results_batch11835.rds, simulation_results_batch11838.rds
1185	simulation_results_batch11841.rds, simulation_results_batch11844.rds, simulation_results_batch11847.rds, simulation_results_batch11850.rds, simulation_results_batch11853.rds, simulation_results_batch11856.rds, simulation_results_batch11859.rds, simulation_results_batch11862.rds, simulation_results_batch11865.rds, simulation_results_batch11868.rds
1188	simulation_results_batch11871.rds, simulation_results_batch11874.rds, simulation_results_batch11877.rds, simulation_results_batch11880.rds, simulation_results_batch11883.rds, simulation_results_batch11886.rds, simulation_results_batch11889.rds, simulation_results_batch11892.rds, simulation_results_batch11895.rds, simulation_results_batch11898.rds
1191	simulation_results_batch11901.rds, simulation_results_batch11904.rds, simulation_results_batch11907.rds, simulation_results_batch11910.rds, simulation_results_batch11913.rds, simulation_results_batch11916.rds, simulation_results_batch11919.rds, simulation_results_batch11922.rds, simulation_results_batch11925.rds, simulation_results_batch11928.rds
1194	simulation_results_batch11931.rds, simulation_results_batch11934.rds, simulation_results_batch11937.rds, simulation_results_batch11940.rds, simulation_results_batch11943.rds, simulation_results_batch11946.rds, simulation_results_batch11949.rds, simulation_results_batch11952.rds, simulation_results_batch11955.rds, simulation_results_batch11958.rds
1197	simulation_results_batch11961.rds, simulation_results_batch11964.rds, simulation_results_batch11967.rds, simulation_results_batch11970.rds, simulation_results_batch11973.rds, simulation_results_batch11976.rds, simulation_results_batch11979.rds, simulation_results_batch11982.rds, simulation_results_batch11985.rds, simulation_results_batch11988.rds
1200	simulation_results_batch11991.rds, simulation_results_batch11994.rds, simulation_results_batch11997.rds, simulation_results_batch12000.rds, simulation_results_batch12003.rds, simulation_results_batch12006.rds, simulation_results_batch12009.rds, simulation_results_batch12012.rds, simulation_results_batch12015.rds, simulation_results_batch12018.rds
1203	simulation_results_batch12021.rds, simulation_results_batch12024.rds, simulation_results_batch12027.rds, simulation_results_batch12030.rds, simulation_results_batch12033.rds, simulation_results_batch12036.rds, simulation_results_batch12039.rds, simulation_results_batch12042.rds, simulation_results_batch12045.rds, simulation_results_batch12048.rds
1206	simulation_results_batch12051.rds, simulation_results_batch12054.rds, simulation_results_batch12057.rds, simulation_results_batch12060.rds, simulation_results_batch12063.rds, simulation_results_batch12066.rds, simulation_results_batch12069.rds, simulation_results_batch12072.rds, simulation_results_batch12075.rds, simulation_results_batch12078.rds
1209	simulation_results_batch12081.rds, simulation_results_batch12084.rds, simulation_results_batch12087.rds, simulation_results_batch12090.rds, simulation_results_batch12093.rds, simulation_results_batch12096.rds, simulation_results_batch12099.rds, simulation_results_batch12102.rds, simulation_results_batch12105.rds, simulation_results_batch12108.rds
1212	simulation_results_batch12111.rds, simulation_results_batch12114.rds, simulation_results_batch12117.rds, simulation_results_batch12120.rds, simulation_results_batch12123.rds, simulation_results_batch12126.rds, simulation_results_batch12129.rds, simulation_results_batch12132.rds, simulation_results_batch12135.rds, simulation_results_batch12138.rds
1215	simulation_results_batch12141.rds, simulation_results_batch12144.rds, simulation_results_batch12147.rds, simulation_results_batch12150.rds, simulation_results_batch12153.rds, simulation_results_batch12156.rds, simulation_results_batch12159.rds, simulation_results_batch12162.rds, simulation_results_batch12165.rds, simulation_results_batch12168.rds
1218	simulation_results_batch12171.rds, simulation_results_batch12174.rds, simulation_results_batch12177.rds, simulation_results_batch12180.rds, simulation_results_batch12183.rds, simulation_results_batch12186.rds, simulation_results_batch12189.rds, simulation_results_batch12192.rds, simulation_results_batch12195.rds, simulation_results_batch12198.rds
1221	simulation_results_batch12201.rds, simulation_results_batch12204.rds, simulation_results_batch12207.rds, simulation_results_batch12210.rds, simulation_results_batch12213.rds, simulation_results_batch12216.rds, simulation_results_batch12219.rds, simulation_results_batch12222.rds, simulation_results_batch12225.rds, simulation_results_batch12228.rds
1224	simulation_results_batch12231.rds, simulation_results_batch12234.rds, simulation_results_batch12237.rds, simulation_results_batch12240.rds, simulation_results_batch12243.rds, simulation_results_batch12246.rds, simulation_results_batch12249.rds, simulation_results_batch12252.rds, simulation_results_batch12255.rds, simulation_results_batch12258.rds
1227	simulation_results_batch12261.rds, simulation_results_batch12264.rds, simulation_results_batch12267.rds, simulation_results_batch12270.rds, simulation_results_batch12273.rds, simulation_results_batch12276.rds, simulation_results_batch12279.rds, simulation_results_batch12282.rds, simulation_results_batch12285.rds, simulation_results_batch12288.rds
1230	simulation_results_batch12291.rds, simulation_results_batch12294.rds, simulation_results_batch12297.rds, simulation_results_batch12300.rds, simulation_results_batch12303.rds, simulation_results_batch12306.rds, simulation_results_batch12309.rds, simulation_results_batch12312.rds, simulation_results_batch12315.rds, simulation_results_batch12318.rds
1233	simulation_results_batch12321.rds, simulation_results_batch12324.rds, simulation_results_batch12327.rds, simulation_results_batch12330.rds, simulation_results_batch12333.rds, simulation_results_batch12336.rds, simulation_results_batch12339.rds, simulation_results_batch12342.rds, simulation_results_batch12345.rds, simulation_results_batch12348.rds
1236	simulation_results_batch12351.rds, simulation_results_batch12354.rds, simulation_results_batch12357.rds, simulation_results_batch12360.rds, simulation_results_batch12363.rds, simulation_results_batch12366.rds, simulation_results_batch12369.rds, simulation_results_batch12372.rds, simulation_results_batch12375.rds, simulation_results_batch12378.rds
1239	simulation_results_batch12381.rds, simulation_results_batch12384.rds, simulation_results_batch12387.rds, simulation_results_batch12390.rds, simulation_results_batch12393.rds, simulation_results_batch12396.rds, simulation_results_batch12399.rds, simulation_results_batch12402.rds, simulation_results_batch12405.rds, simulation_results_batch12408.rds
1242	simulation_results_batch12411.rds, simulation_results_batch12414.rds, simulation_results_batch12417.rds, simulation_results_batch12420.rds, simulation_results_batch12423.rds, simulation_results_batch12426.rds, simulation_results_batch12429.rds, simulation_results_batch12432.rds, simulation_results_batch12435.rds, simulation_results_batch12438.rds
1245	simulation_results_batch12441.rds, simulation_results_batch12444.rds, simulation_results_batch12447.rds, simulation_results_batch12450.rds, simulation_results_batch12453.rds, simulation_results_batch12456.rds, simulation_results_batch12459.rds, simulation_results_batch12462.rds, simulation_results_batch12465.rds, simulation_results_batch12468.rds
1248	simulation_results_batch12471.rds, simulation_results_batch12474.rds, simulation_results_batch12477.rds, simulation_results_batch12480.rds, simulation_results_batch12483.rds, simulation_results_batch12486.rds, simulation_results_batch12489.rds, simulation_results_batch12492.rds, simulation_results_batch12495.rds, simulation_results_batch12498.rds
1251	simulation_results_batch12501.rds, simulation_results_batch12504.rds, simulation_results_batch12507.rds, simulation_results_batch12510.rds, simulation_results_batch12513.rds, simulation_results_batch12516.rds, simulation_results_batch12519.rds, simulation_results_batch12522.rds, simulation_results_batch12525.rds, simulation_results_batch12528.rds
1254	simulation_results_batch12531.rds, simulation_results_batch12534.rds, simulation_results_batch12537.rds, simulation_results_batch12540.rds, simulation_results_batch12543.rds, simulation_results_batch12546.rds, simulation_results_batch12549.rds, simulation_results_batch12552.rds, simulation_results_batch12555.rds, simulation_results_batch12558.rds
1257	simulation_results_batch12561.rds, simulation_results_batch12564.rds, simulation_results_batch12567.rds, simulation_results_batch12570.rds, simulation_results_batch12573.rds, simulation_results_batch12576.rds, simulation_results_batch12579.rds, simulation_results_batch12582.rds, simulation_results_batch12585.rds, simulation_results_batch12588.rds
1260	simulation_results_batch12591.rds, simulation_results_batch12594.rds, simulation_results_batch12597.rds, simulation_results_batch12600.rds, simulation_results_batch12603.rds, simulation_results_batch12606.rds, simulation_results_batch12609.rds, simulation_results_batch12612.rds, simulation_results_batch12615.rds, simulation_results_batch12618.rds
1263	simulation_results_batch12621.rds, simulation_results_batch12624.rds, simulation_results_batch12627.rds, simulation_results_batch12630.rds, simulation_results_batch12633.rds, simulation_results_batch12636.rds, simulation_results_batch12639.rds, simulation_results_batch12642.rds, simulation_results_batch12645.rds, simulation_results_batch12648.rds
1266	simulation_results_batch12651.rds, simulation_results_batch12654.rds, simulation_results_batch12657.rds, simulation_results_batch12660.rds, simulation_results_batch12663.rds, simulation_results_batch12666.rds, simulation_results_batch12669.rds, simulation_results_batch12672.rds, simulation_results_batch12675.rds, simulation_results_batch12678.rds
1269	simulation_results_batch12681.rds, simulation_results_batch12684.rds, simulation_results_batch12687.rds, simulation_results_batch12690.rds, simulation_results_batch12693.rds, simulation_results_batch12696.rds, simulation_results_batch12699.rds, simulation_results_batch12702.rds, simulation_results_batch12705.rds, simulation_results_batch12708.rds
1272	simulation_results_batch12711.rds, simulation_results_batch12714.rds, simulation_results_batch12717.rds, simulation_results_batch12720.rds, simulation_results_batch12723.rds, simulation_results_batch12726.rds, simulation_results_batch12729.rds, simulation_results_batch12732.rds, simulation_results_batch12735.rds, simulation_results_batch12738.rds
1275	simulation_results_batch12741.rds, simulation_results_batch12744.rds, simulation_results_batch12747.rds, simulation_results_batch12750.rds, simulation_results_batch12753.rds, simulation_results_batch12756.rds, simulation_results_batch12759.rds, simulation_results_batch12762.rds, simulation_results_batch12765.rds, simulation_results_batch12768.rds
1278	simulation_results_batch12771.rds, simulation_results_batch12774.rds, simulation_results_batch12777.rds, simulation_results_batch12780.rds, simulation_results_batch12783.rds, simulation_results_batch12786.rds, simulation_results_batch12789.rds, simulation_results_batch12792.rds, simulation_results_batch12795.rds, simulation_results_batch12798.rds
1281	simulation_results_batch12801.rds, simulation_results_batch12804.rds, simulation_results_batch12807.rds, simulation_results_batch12810.rds, simulation_results_batch12813.rds, simulation_results_batch12816.rds, simulation_results_batch12819.rds, simulation_results_batch12822.rds, simulation_results_batch12825.rds, simulation_results_batch12828.rds
1284	simulation_results_batch12831.rds, simulation_results_batch12834.rds, simulation_results_batch12837.rds, simulation_results_batch12840.rds, simulation_results_batch12843.rds, simulation_results_batch12846.rds, simulation_results_batch12849.rds, simulation_results_batch12852.rds, simulation_results_batch12855.rds, simulation_results_batch12858.rds
1287	simulation_results_batch12861.rds, simulation_results_batch12864.rds, simulation_results_batch12867.rds, simulation_results_batch12870.rds, simulation_results_batch12873.rds, simulation_results_batch12876.rds, simulation_results_batch12879.rds, simulation_results_batch12882.rds, simulation_results_batch12885.rds, simulation_results_batch12888.rds
1290	simulation_results_batch12891.rds, simulation_results_batch12894.rds, simulation_results_batch12897.rds, simulation_results_batch12900.rds, simulation_results_batch12903.rds, simulation_results_batch12906.rds, simulation_results_batch12909.rds, simulation_results_batch12912.rds, simulation_results_batch12915.rds, simulation_results_batch12918.rds
1729	simulation_results_batch25321.rds, simulation_results_batch25322.rds, simulation_results_batch25323.rds, simulation_results_batch25324.rds, simulation_results_batch25325.rds, simulation_results_batch25326.rds, simulation_results_batch25327.rds, simulation_results_batch25328.rds, simulation_results_batch25329.rds, simulation_results_batch25330.rds
1730	simulation_results_batch25331.rds, simulation_results_batch25332.rds, simulation_results_batch25333.rds, simulation_results_batch25334.rds, simulation_results_batch25335.rds, simulation_results_batch25336.rds, simulation_results_batch25337.rds, simulation_results_batch25338.rds, simulation_results_batch25339.rds, simulation_results_batch25340.rds
1731	simulation_results_batch25341.rds, simulation_results_batch25342.rds, simulation_results_batch25343.rds, simulation_results_batch25344.rds, simulation_results_batch25345.rds, simulation_results_batch25346.rds, simulation_results_batch25347.rds, simulation_results_batch25348.rds, simulation_results_batch25349.rds, simulation_results_batch25350.rds
1732	simulation_results_batch25351.rds, simulation_results_batch25352.rds, simulation_results_batch25353.rds, simulation_results_batch25354.rds, simulation_results_batch25355.rds, simulation_results_batch25356.rds, simulation_results_batch25357.rds, simulation_results_batch25358.rds, simulation_results_batch25359.rds, simulation_results_batch25360.rds
1733	simulation_results_batch25361.rds, simulation_results_batch25362.rds, simulation_results_batch25363.rds, simulation_results_batch25364.rds, simulation_results_batch25365.rds, simulation_results_batch25366.rds, simulation_results_batch25367.rds, simulation_results_batch25368.rds, simulation_results_batch25369.rds, simulation_results_batch25370.rds
1734	simulation_results_batch25371.rds, simulation_results_batch25372.rds, simulation_results_batch25373.rds, simulation_results_batch25374.rds, simulation_results_batch25375.rds, simulation_results_batch25376.rds, simulation_results_batch25377.rds, simulation_results_batch25378.rds, simulation_results_batch25379.rds, simulation_results_batch25380.rds
1735	simulation_results_batch25381.rds, simulation_results_batch25382.rds, simulation_results_batch25383.rds, simulation_results_batch25384.rds, simulation_results_batch25385.rds, simulation_results_batch25386.rds, simulation_results_batch25387.rds, simulation_results_batch25388.rds, simulation_results_batch25389.rds, simulation_results_batch25390.rds
1736	simulation_results_batch25391.rds, simulation_results_batch25392.rds, simulation_results_batch25393.rds, simulation_results_batch25394.rds, simulation_results_batch25395.rds, simulation_results_batch25396.rds, simulation_results_batch25397.rds, simulation_results_batch25398.rds, simulation_results_batch25399.rds, simulation_results_batch25400.rds
1737	simulation_results_batch25401.rds, simulation_results_batch25402.rds, simulation_results_batch25403.rds, simulation_results_batch25404.rds, simulation_results_batch25405.rds, simulation_results_batch25406.rds, simulation_results_batch25407.rds, simulation_results_batch25408.rds, simulation_results_batch25409.rds, simulation_results_batch25410.rds
1738	simulation_results_batch25411.rds, simulation_results_batch25412.rds, simulation_results_batch25413.rds, simulation_results_batch25414.rds, simulation_results_batch25415.rds, simulation_results_batch25416.rds, simulation_results_batch25417.rds, simulation_results_batch25418.rds, simulation_results_batch25419.rds, simulation_results_batch25420.rds
1739	simulation_results_batch25421.rds, simulation_results_batch25422.rds, simulation_results_batch25423.rds, simulation_results_batch25424.rds, simulation_results_batch25425.rds, simulation_results_batch25426.rds, simulation_results_batch25427.rds, simulation_results_batch25428.rds, simulation_results_batch25429.rds, simulation_results_batch25430.rds
1740	simulation_results_batch25431.rds, simulation_results_batch25432.rds, simulation_results_batch25433.rds, simulation_results_batch25434.rds, simulation_results_batch25435.rds, simulation_results_batch25436.rds, simulation_results_batch25437.rds, simulation_results_batch25438.rds, simulation_results_batch25439.rds, simulation_results_batch25440.rds
1741	simulation_results_batch25441.rds, simulation_results_batch25442.rds, simulation_results_batch25443.rds, simulation_results_batch25444.rds, simulation_results_batch25445.rds, simulation_results_batch25446.rds, simulation_results_batch25447.rds, simulation_results_batch25448.rds, simulation_results_batch25449.rds, simulation_results_batch25450.rds
1742	simulation_results_batch25451.rds, simulation_results_batch25452.rds, simulation_results_batch25453.rds, simulation_results_batch25454.rds, simulation_results_batch25455.rds, simulation_results_batch25456.rds, simulation_results_batch25457.rds, simulation_results_batch25458.rds, simulation_results_batch25459.rds, simulation_results_batch25460.rds
1743	simulation_results_batch25461.rds, simulation_results_batch25462.rds, simulation_results_batch25463.rds, simulation_results_batch25464.rds, simulation_results_batch25465.rds, simulation_results_batch25466.rds, simulation_results_batch25467.rds, simulation_results_batch25468.rds, simulation_results_batch25469.rds, simulation_results_batch25470.rds
1744	simulation_results_batch25471.rds, simulation_results_batch25472.rds, simulation_results_batch25473.rds, simulation_results_batch25474.rds, simulation_results_batch25475.rds, simulation_results_batch25476.rds, simulation_results_batch25477.rds, simulation_results_batch25478.rds, simulation_results_batch25479.rds, simulation_results_batch25480.rds
1745	simulation_results_batch25481.rds, simulation_results_batch25482.rds, simulation_results_batch25483.rds, simulation_results_batch25484.rds, simulation_results_batch25485.rds, simulation_results_batch25486.rds, simulation_results_batch25487.rds, simulation_results_batch25488.rds, simulation_results_batch25489.rds, simulation_results_batch25490.rds
1746	simulation_results_batch25491.rds, simulation_results_batch25492.rds, simulation_results_batch25493.rds, simulation_results_batch25494.rds, simulation_results_batch25495.rds, simulation_results_batch25496.rds, simulation_results_batch25497.rds, simulation_results_batch25498.rds, simulation_results_batch25499.rds, simulation_results_batch25500.rds
1747	simulation_results_batch25501.rds, simulation_results_batch25502.rds, simulation_results_batch25503.rds, simulation_results_batch25504.rds, simulation_results_batch25505.rds, simulation_results_batch25506.rds, simulation_results_batch25507.rds, simulation_results_batch25508.rds, simulation_results_batch25509.rds, simulation_results_batch25510.rds
1748	simulation_results_batch25511.rds, simulation_results_batch25512.rds, simulation_results_batch25513.rds, simulation_results_batch25514.rds, simulation_results_batch25515.rds, simulation_results_batch25516.rds, simulation_results_batch25517.rds, simulation_results_batch25518.rds, simulation_results_batch25519.rds, simulation_results_batch25520.rds
1749	simulation_results_batch25521.rds, simulation_results_batch25522.rds, simulation_results_batch25523.rds, simulation_results_batch25524.rds, simulation_results_batch25525.rds, simulation_results_batch25526.rds, simulation_results_batch25527.rds, simulation_results_batch25528.rds, simulation_results_batch25529.rds, simulation_results_batch25530.rds
1750	simulation_results_batch25531.rds, simulation_results_batch25532.rds, simulation_results_batch25533.rds, simulation_results_batch25534.rds, simulation_results_batch25535.rds, simulation_results_batch25536.rds, simulation_results_batch25537.rds, simulation_results_batch25538.rds, simulation_results_batch25539.rds, simulation_results_batch25540.rds
1751	simulation_results_batch25541.rds, simulation_results_batch25542.rds, simulation_results_batch25543.rds, simulation_results_batch25544.rds, simulation_results_batch25545.rds, simulation_results_batch25546.rds, simulation_results_batch25547.rds, simulation_results_batch25548.rds, simulation_results_batch25549.rds, simulation_results_batch25550.rds
1752	simulation_results_batch25551.rds, simulation_results_batch25552.rds, simulation_results_batch25553.rds, simulation_results_batch25554.rds, simulation_results_batch25555.rds, simulation_results_batch25556.rds, simulation_results_batch25557.rds, simulation_results_batch25558.rds, simulation_results_batch25559.rds, simulation_results_batch25560.rds
1753	simulation_results_batch25561.rds, simulation_results_batch25562.rds, simulation_results_batch25563.rds, simulation_results_batch25564.rds, simulation_results_batch25565.rds, simulation_results_batch25566.rds, simulation_results_batch25567.rds, simulation_results_batch25568.rds, simulation_results_batch25569.rds, simulation_results_batch25570.rds
1754	simulation_results_batch25571.rds, simulation_results_batch25572.rds, simulation_results_batch25573.rds, simulation_results_batch25574.rds, simulation_results_batch25575.rds, simulation_results_batch25576.rds, simulation_results_batch25577.rds, simulation_results_batch25578.rds, simulation_results_batch25579.rds, simulation_results_batch25580.rds
1755	simulation_results_batch25581.rds, simulation_results_batch25582.rds, simulation_results_batch25583.rds, simulation_results_batch25584.rds, simulation_results_batch25585.rds, simulation_results_batch25586.rds, simulation_results_batch25587.rds, simulation_results_batch25588.rds, simulation_results_batch25589.rds, simulation_results_batch25590.rds
1756	simulation_results_batch25591.rds, simulation_results_batch25592.rds, simulation_results_batch25593.rds, simulation_results_batch25594.rds, simulation_results_batch25595.rds, simulation_results_batch25596.rds, simulation_results_batch25597.rds, simulation_results_batch25598.rds, simulation_results_batch25599.rds, simulation_results_batch25600.rds
1757	simulation_results_batch25601.rds, simulation_results_batch25602.rds, simulation_results_batch25603.rds, simulation_results_batch25604.rds, simulation_results_batch25605.rds, simulation_results_batch25606.rds, simulation_results_batch25607.rds, simulation_results_batch25608.rds, simulation_results_batch25609.rds, simulation_results_batch25610.rds
1758	simulation_results_batch25611.rds, simulation_results_batch25612.rds, simulation_results_batch25613.rds, simulation_results_batch25614.rds, simulation_results_batch25615.rds, simulation_results_batch25616.rds, simulation_results_batch25617.rds, simulation_results_batch25618.rds, simulation_results_batch25619.rds, simulation_results_batch25620.rds
1759	simulation_results_batch25621.rds, simulation_results_batch25622.rds, simulation_results_batch25623.rds, simulation_results_batch25624.rds, simulation_results_batch25625.rds, simulation_results_batch25626.rds, simulation_results_batch25627.rds, simulation_results_batch25628.rds, simulation_results_batch25629.rds, simulation_results_batch25630.rds
1760	simulation_results_batch25631.rds, simulation_results_batch25632.rds, simulation_results_batch25633.rds, simulation_results_batch25634.rds, simulation_results_batch25635.rds, simulation_results_batch25636.rds, simulation_results_batch25637.rds, simulation_results_batch25638.rds, simulation_results_batch25639.rds, simulation_results_batch25640.rds
1761	simulation_results_batch25641.rds, simulation_results_batch25642.rds, simulation_results_batch25643.rds, simulation_results_batch25644.rds, simulation_results_batch25645.rds, simulation_results_batch25646.rds, simulation_results_batch25647.rds, simulation_results_batch25648.rds, simulation_results_batch25649.rds, simulation_results_batch25650.rds
1762	simulation_results_batch25651.rds, simulation_results_batch25652.rds, simulation_results_batch25653.rds, simulation_results_batch25654.rds, simulation_results_batch25655.rds, simulation_results_batch25656.rds, simulation_results_batch25657.rds, simulation_results_batch25658.rds, simulation_results_batch25659.rds, simulation_results_batch25660.rds
1763	simulation_results_batch25661.rds, simulation_results_batch25662.rds, simulation_results_batch25663.rds, simulation_results_batch25664.rds, simulation_results_batch25665.rds, simulation_results_batch25666.rds, simulation_results_batch25667.rds, simulation_results_batch25668.rds, simulation_results_batch25669.rds, simulation_results_batch25670.rds
1764	simulation_results_batch25671.rds, simulation_results_batch25672.rds, simulation_results_batch25673.rds, simulation_results_batch25674.rds, simulation_results_batch25675.rds, simulation_results_batch25676.rds, simulation_results_batch25677.rds, simulation_results_batch25678.rds, simulation_results_batch25679.rds, simulation_results_batch25680.rds
1765	simulation_results_batch25681.rds, simulation_results_batch25682.rds, simulation_results_batch25683.rds, simulation_results_batch25684.rds, simulation_results_batch25685.rds, simulation_results_batch25686.rds, simulation_results_batch25687.rds, simulation_results_batch25688.rds, simulation_results_batch25689.rds, simulation_results_batch25690.rds
1766	simulation_results_batch25691.rds, simulation_results_batch25692.rds, simulation_results_batch25693.rds, simulation_results_batch25694.rds, simulation_results_batch25695.rds, simulation_results_batch25696.rds, simulation_results_batch25697.rds, simulation_results_batch25698.rds, simulation_results_batch25699.rds, simulation_results_batch25700.rds
1767	simulation_results_batch25701.rds, simulation_results_batch25702.rds, simulation_results_batch25703.rds, simulation_results_batch25704.rds, simulation_results_batch25705.rds, simulation_results_batch25706.rds, simulation_results_batch25707.rds, simulation_results_batch25708.rds, simulation_results_batch25709.rds, simulation_results_batch25710.rds
1768	simulation_results_batch25711.rds, simulation_results_batch25712.rds, simulation_results_batch25713.rds, simulation_results_batch25714.rds, simulation_results_batch25715.rds, simulation_results_batch25716.rds, simulation_results_batch25717.rds, simulation_results_batch25718.rds, simulation_results_batch25719.rds, simulation_results_batch25720.rds
1769	simulation_results_batch25721.rds, simulation_results_batch25722.rds, simulation_results_batch25723.rds, simulation_results_batch25724.rds, simulation_results_batch25725.rds, simulation_results_batch25726.rds, simulation_results_batch25727.rds, simulation_results_batch25728.rds, simulation_results_batch25729.rds, simulation_results_batch25730.rds
1770	simulation_results_batch25731.rds, simulation_results_batch25732.rds, simulation_results_batch25733.rds, simulation_results_batch25734.rds, simulation_results_batch25735.rds, simulation_results_batch25736.rds, simulation_results_batch25737.rds, simulation_results_batch25738.rds, simulation_results_batch25739.rds, simulation_results_batch25740.rds
1771	simulation_results_batch25741.rds, simulation_results_batch25742.rds, simulation_results_batch25743.rds, simulation_results_batch25744.rds, simulation_results_batch25745.rds, simulation_results_batch25746.rds, simulation_results_batch25747.rds, simulation_results_batch25748.rds, simulation_results_batch25749.rds, simulation_results_batch25750.rds
1772	simulation_results_batch25751.rds, simulation_results_batch25752.rds, simulation_results_batch25753.rds, simulation_results_batch25754.rds, simulation_results_batch25755.rds, simulation_results_batch25756.rds, simulation_results_batch25757.rds, simulation_results_batch25758.rds, simulation_results_batch25759.rds, simulation_results_batch25760.rds
1773	simulation_results_batch25761.rds, simulation_results_batch25762.rds, simulation_results_batch25763.rds, simulation_results_batch25764.rds, simulation_results_batch25765.rds, simulation_results_batch25766.rds, simulation_results_batch25767.rds, simulation_results_batch25768.rds, simulation_results_batch25769.rds, simulation_results_batch25770.rds
1774	simulation_results_batch25771.rds, simulation_results_batch25772.rds, simulation_results_batch25773.rds, simulation_results_batch25774.rds, simulation_results_batch25775.rds, simulation_results_batch25776.rds, simulation_results_batch25777.rds, simulation_results_batch25778.rds, simulation_results_batch25779.rds, simulation_results_batch25780.rds
1775	simulation_results_batch25781.rds, simulation_results_batch25782.rds, simulation_results_batch25783.rds, simulation_results_batch25784.rds, simulation_results_batch25785.rds, simulation_results_batch25786.rds, simulation_results_batch25787.rds, simulation_results_batch25788.rds, simulation_results_batch25789.rds, simulation_results_batch25790.rds
1776	simulation_results_batch25791.rds, simulation_results_batch25792.rds, simulation_results_batch25793.rds, simulation_results_batch25794.rds, simulation_results_batch25795.rds, simulation_results_batch25796.rds, simulation_results_batch25797.rds, simulation_results_batch25798.rds, simulation_results_batch25799.rds, simulation_results_batch25800.rds
1777	simulation_results_batch25801.rds, simulation_results_batch25802.rds, simulation_results_batch25803.rds, simulation_results_batch25804.rds, simulation_results_batch25805.rds, simulation_results_batch25806.rds, simulation_results_batch25807.rds, simulation_results_batch25808.rds, simulation_results_batch25809.rds, simulation_results_batch25810.rds
1778	simulation_results_batch25811.rds, simulation_results_batch25812.rds, simulation_results_batch25813.rds, simulation_results_batch25814.rds, simulation_results_batch25815.rds, simulation_results_batch25816.rds, simulation_results_batch25817.rds, simulation_results_batch25818.rds, simulation_results_batch25819.rds, simulation_results_batch25820.rds
1779	simulation_results_batch25821.rds, simulation_results_batch25822.rds, simulation_results_batch25823.rds, simulation_results_batch25824.rds, simulation_results_batch25825.rds, simulation_results_batch25826.rds, simulation_results_batch25827.rds, simulation_results_batch25828.rds, simulation_results_batch25829.rds, simulation_results_batch25830.rds
1780	simulation_results_batch25831.rds, simulation_results_batch25832.rds, simulation_results_batch25833.rds, simulation_results_batch25834.rds, simulation_results_batch25835.rds, simulation_results_batch25836.rds, simulation_results_batch25837.rds, simulation_results_batch25838.rds, simulation_results_batch25839.rds, simulation_results_batch25840.rds
1781	simulation_results_batch25841.rds, simulation_results_batch25842.rds, simulation_results_batch25843.rds, simulation_results_batch25844.rds, simulation_results_batch25845.rds, simulation_results_batch25846.rds, simulation_results_batch25847.rds, simulation_results_batch25848.rds, simulation_results_batch25849.rds, simulation_results_batch25850.rds
1782	simulation_results_batch25851.rds, simulation_results_batch25852.rds, simulation_results_batch25853.rds, simulation_results_batch25854.rds, simulation_results_batch25855.rds, simulation_results_batch25856.rds, simulation_results_batch25857.rds, simulation_results_batch25858.rds, simulation_results_batch25859.rds, simulation_results_batch25860.rds
1783	simulation_results_batch25861.rds, simulation_results_batch25862.rds, simulation_results_batch25863.rds, simulation_results_batch25864.rds, simulation_results_batch25865.rds, simulation_results_batch25866.rds, simulation_results_batch25867.rds, simulation_results_batch25868.rds, simulation_results_batch25869.rds, simulation_results_batch25870.rds
1784	simulation_results_batch25871.rds, simulation_results_batch25872.rds, simulation_results_batch25873.rds, simulation_results_batch25874.rds, simulation_results_batch25875.rds, simulation_results_batch25876.rds, simulation_results_batch25877.rds, simulation_results_batch25878.rds, simulation_results_batch25879.rds, simulation_results_batch25880.rds
1785	simulation_results_batch25881.rds, simulation_results_batch25882.rds, simulation_results_batch25883.rds, simulation_results_batch25884.rds, simulation_results_batch25885.rds, simulation_results_batch25886.rds, simulation_results_batch25887.rds, simulation_results_batch25888.rds, simulation_results_batch25889.rds, simulation_results_batch25890.rds
1786	simulation_results_batch25891.rds, simulation_results_batch25892.rds, simulation_results_batch25893.rds, simulation_results_batch25894.rds, simulation_results_batch25895.rds, simulation_results_batch25896.rds, simulation_results_batch25897.rds, simulation_results_batch25898.rds, simulation_results_batch25899.rds, simulation_results_batch25900.rds
1787	simulation_results_batch25901.rds, simulation_results_batch25902.rds, simulation_results_batch25903.rds, simulation_results_batch25904.rds, simulation_results_batch25905.rds, simulation_results_batch25906.rds, simulation_results_batch25907.rds, simulation_results_batch25908.rds, simulation_results_batch25909.rds, simulation_results_batch25910.rds
1788	simulation_results_batch25911.rds, simulation_results_batch25912.rds, simulation_results_batch25913.rds, simulation_results_batch25914.rds, simulation_results_batch25915.rds, simulation_results_batch25916.rds, simulation_results_batch25917.rds, simulation_results_batch25918.rds, simulation_results_batch25919.rds, simulation_results_batch25920.rds
1789	simulation_results_batch25921.rds, simulation_results_batch25922.rds, simulation_results_batch25923.rds, simulation_results_batch25924.rds, simulation_results_batch25925.rds, simulation_results_batch25926.rds, simulation_results_batch25927.rds, simulation_results_batch25928.rds, simulation_results_batch25929.rds, simulation_results_batch25930.rds
1790	simulation_results_batch25931.rds, simulation_results_batch25932.rds, simulation_results_batch25933.rds, simulation_results_batch25934.rds, simulation_results_batch25935.rds, simulation_results_batch25936.rds, simulation_results_batch25937.rds, simulation_results_batch25938.rds, simulation_results_batch25939.rds, simulation_results_batch25940.rds
1791	simulation_results_batch25941.rds, simulation_results_batch25942.rds, simulation_results_batch25943.rds, simulation_results_batch25944.rds, simulation_results_batch25945.rds, simulation_results_batch25946.rds, simulation_results_batch25947.rds, simulation_results_batch25948.rds, simulation_results_batch25949.rds, simulation_results_batch25950.rds
1792	simulation_results_batch25951.rds, simulation_results_batch25952.rds, simulation_results_batch25953.rds, simulation_results_batch25954.rds, simulation_results_batch25955.rds, simulation_results_batch25956.rds, simulation_results_batch25957.rds, simulation_results_batch25958.rds, simulation_results_batch25959.rds, simulation_results_batch25960.rds
1793	simulation_results_batch25961.rds, simulation_results_batch25962.rds, simulation_results_batch25963.rds, simulation_results_batch25964.rds, simulation_results_batch25965.rds, simulation_results_batch25966.rds, simulation_results_batch25967.rds, simulation_results_batch25968.rds, simulation_results_batch25969.rds, simulation_results_batch25970.rds
1794	simulation_results_batch25971.rds, simulation_results_batch25972.rds, simulation_results_batch25973.rds, simulation_results_batch25974.rds, simulation_results_batch25975.rds, simulation_results_batch25976.rds, simulation_results_batch25977.rds, simulation_results_batch25978.rds, simulation_results_batch25979.rds, simulation_results_batch25980.rds
1795	simulation_results_batch25981.rds, simulation_results_batch25982.rds, simulation_results_batch25983.rds, simulation_results_batch25984.rds, simulation_results_batch25985.rds, simulation_results_batch25986.rds, simulation_results_batch25987.rds, simulation_results_batch25988.rds, simulation_results_batch25989.rds, simulation_results_batch25990.rds
1796	simulation_results_batch25991.rds, simulation_results_batch25992.rds, simulation_results_batch25993.rds, simulation_results_batch25994.rds, simulation_results_batch25995.rds, simulation_results_batch25996.rds, simulation_results_batch25997.rds, simulation_results_batch25998.rds, simulation_results_batch25999.rds, simulation_results_batch26000.rds
1797	simulation_results_batch26001.rds, simulation_results_batch26002.rds, simulation_results_batch26003.rds, simulation_results_batch26004.rds, simulation_results_batch26005.rds, simulation_results_batch26006.rds, simulation_results_batch26007.rds, simulation_results_batch26008.rds, simulation_results_batch26009.rds, simulation_results_batch26010.rds
1798	simulation_results_batch26011.rds, simulation_results_batch26012.rds, simulation_results_batch26013.rds, simulation_results_batch26014.rds, simulation_results_batch26015.rds, simulation_results_batch26016.rds, simulation_results_batch26017.rds, simulation_results_batch26018.rds, simulation_results_batch26019.rds, simulation_results_batch26020.rds
1799	simulation_results_batch26021.rds, simulation_results_batch26022.rds, simulation_results_batch26023.rds, simulation_results_batch26024.rds, simulation_results_batch26025.rds, simulation_results_batch26026.rds, simulation_results_batch26027.rds, simulation_results_batch26028.rds, simulation_results_batch26029.rds, simulation_results_batch26030.rds
1800	simulation_results_batch26031.rds, simulation_results_batch26032.rds, simulation_results_batch26033.rds, simulation_results_batch26034.rds, simulation_results_batch26035.rds, simulation_results_batch26036.rds, simulation_results_batch26037.rds, simulation_results_batch26038.rds, simulation_results_batch26039.rds, simulation_results_batch26040.rds
1801	simulation_results_batch26041.rds, simulation_results_batch26042.rds, simulation_results_batch26043.rds, simulation_results_batch26044.rds, simulation_results_batch26045.rds, simulation_results_batch26046.rds, simulation_results_batch26047.rds, simulation_results_batch26048.rds, simulation_results_batch26049.rds, simulation_results_batch26050.rds
1802	simulation_results_batch26051.rds, simulation_results_batch26052.rds, simulation_results_batch26053.rds, simulation_results_batch26054.rds, simulation_results_batch26055.rds, simulation_results_batch26056.rds, simulation_results_batch26057.rds, simulation_results_batch26058.rds, simulation_results_batch26059.rds, simulation_results_batch26060.rds
1803	simulation_results_batch26061.rds, simulation_results_batch26062.rds, simulation_results_batch26063.rds, simulation_results_batch26064.rds, simulation_results_batch26065.rds, simulation_results_batch26066.rds, simulation_results_batch26067.rds, simulation_results_batch26068.rds, simulation_results_batch26069.rds, simulation_results_batch26070.rds
1804	simulation_results_batch26071.rds, simulation_results_batch26072.rds, simulation_results_batch26073.rds, simulation_results_batch26074.rds, simulation_results_batch26075.rds, simulation_results_batch26076.rds, simulation_results_batch26077.rds, simulation_results_batch26078.rds, simulation_results_batch26079.rds, simulation_results_batch26080.rds
1805	simulation_results_batch26081.rds, simulation_results_batch26082.rds, simulation_results_batch26083.rds, simulation_results_batch26084.rds, simulation_results_batch26085.rds, simulation_results_batch26086.rds, simulation_results_batch26087.rds, simulation_results_batch26088.rds, simulation_results_batch26089.rds, simulation_results_batch26090.rds
1806	simulation_results_batch26091.rds, simulation_results_batch26092.rds, simulation_results_batch26093.rds, simulation_results_batch26094.rds, simulation_results_batch26095.rds, simulation_results_batch26096.rds, simulation_results_batch26097.rds, simulation_results_batch26098.rds, simulation_results_batch26099.rds, simulation_results_batch26100.rds
1807	simulation_results_batch26101.rds, simulation_results_batch26102.rds, simulation_results_batch26103.rds, simulation_results_batch26104.rds, simulation_results_batch26105.rds, simulation_results_batch26106.rds, simulation_results_batch26107.rds, simulation_results_batch26108.rds, simulation_results_batch26109.rds, simulation_results_batch26110.rds
1808	simulation_results_batch26111.rds, simulation_results_batch26112.rds, simulation_results_batch26113.rds, simulation_results_batch26114.rds, simulation_results_batch26115.rds, simulation_results_batch26116.rds, simulation_results_batch26117.rds, simulation_results_batch26118.rds, simulation_results_batch26119.rds, simulation_results_batch26120.rds
1809	simulation_results_batch26121.rds, simulation_results_batch26122.rds, simulation_results_batch26123.rds, simulation_results_batch26124.rds, simulation_results_batch26125.rds, simulation_results_batch26126.rds, simulation_results_batch26127.rds, simulation_results_batch26128.rds, simulation_results_batch26129.rds, simulation_results_batch26130.rds
1810	simulation_results_batch26131.rds, simulation_results_batch26132.rds, simulation_results_batch26133.rds, simulation_results_batch26134.rds, simulation_results_batch26135.rds, simulation_results_batch26136.rds, simulation_results_batch26137.rds, simulation_results_batch26138.rds, simulation_results_batch26139.rds, simulation_results_batch26140.rds
1811	simulation_results_batch26141.rds, simulation_results_batch26142.rds, simulation_results_batch26143.rds, simulation_results_batch26144.rds, simulation_results_batch26145.rds, simulation_results_batch26146.rds, simulation_results_batch26147.rds, simulation_results_batch26148.rds, simulation_results_batch26149.rds, simulation_results_batch26150.rds
1812	simulation_results_batch26151.rds, simulation_results_batch26152.rds, simulation_results_batch26153.rds, simulation_results_batch26154.rds, simulation_results_batch26155.rds, simulation_results_batch26156.rds, simulation_results_batch26157.rds, simulation_results_batch26158.rds, simulation_results_batch26159.rds, simulation_results_batch26160.rds
1813	simulation_results_batch26161.rds, simulation_results_batch26162.rds, simulation_results_batch26163.rds, simulation_results_batch26164.rds, simulation_results_batch26165.rds, simulation_results_batch26166.rds, simulation_results_batch26167.rds, simulation_results_batch26168.rds, simulation_results_batch26169.rds, simulation_results_batch26170.rds
1814	simulation_results_batch26171.rds, simulation_results_batch26172.rds, simulation_results_batch26173.rds, simulation_results_batch26174.rds, simulation_results_batch26175.rds, simulation_results_batch26176.rds, simulation_results_batch26177.rds, simulation_results_batch26178.rds, simulation_results_batch26179.rds, simulation_results_batch26180.rds
1815	simulation_results_batch26181.rds, simulation_results_batch26182.rds, simulation_results_batch26183.rds, simulation_results_batch26184.rds, simulation_results_batch26185.rds, simulation_results_batch26186.rds, simulation_results_batch26187.rds, simulation_results_batch26188.rds, simulation_results_batch26189.rds, simulation_results_batch26190.rds
1816	simulation_results_batch26191.rds, simulation_results_batch26192.rds, simulation_results_batch26193.rds, simulation_results_batch26194.rds, simulation_results_batch26195.rds, simulation_results_batch26196.rds, simulation_results_batch26197.rds, simulation_results_batch26198.rds, simulation_results_batch26199.rds, simulation_results_batch26200.rds
1817	simulation_results_batch26201.rds, simulation_results_batch26202.rds, simulation_results_batch26203.rds, simulation_results_batch26204.rds, simulation_results_batch26205.rds, simulation_results_batch26206.rds, simulation_results_batch26207.rds, simulation_results_batch26208.rds, simulation_results_batch26209.rds, simulation_results_batch26210.rds
1818	simulation_results_batch26211.rds, simulation_results_batch26212.rds, simulation_results_batch26213.rds, simulation_results_batch26214.rds, simulation_results_batch26215.rds, simulation_results_batch26216.rds, simulation_results_batch26217.rds, simulation_results_batch26218.rds, simulation_results_batch26219.rds, simulation_results_batch26220.rds
1819	simulation_results_batch26221.rds, simulation_results_batch26222.rds, simulation_results_batch26223.rds, simulation_results_batch26224.rds, simulation_results_batch26225.rds, simulation_results_batch26226.rds, simulation_results_batch26227.rds, simulation_results_batch26228.rds, simulation_results_batch26229.rds, simulation_results_batch26230.rds
1820	simulation_results_batch26231.rds, simulation_results_batch26232.rds, simulation_results_batch26233.rds, simulation_results_batch26234.rds, simulation_results_batch26235.rds, simulation_results_batch26236.rds, simulation_results_batch26237.rds, simulation_results_batch26238.rds, simulation_results_batch26239.rds, simulation_results_batch26240.rds
1821	simulation_results_batch26241.rds, simulation_results_batch26242.rds, simulation_results_batch26243.rds, simulation_results_batch26244.rds, simulation_results_batch26245.rds, simulation_results_batch26246.rds, simulation_results_batch26247.rds, simulation_results_batch26248.rds, simulation_results_batch26249.rds, simulation_results_batch26250.rds
1822	simulation_results_batch26251.rds, simulation_results_batch26252.rds, simulation_results_batch26253.rds, simulation_results_batch26254.rds, simulation_results_batch26255.rds, simulation_results_batch26256.rds, simulation_results_batch26257.rds, simulation_results_batch26258.rds, simulation_results_batch26259.rds, simulation_results_batch26260.rds
1823	simulation_results_batch26261.rds, simulation_results_batch26262.rds, simulation_results_batch26263.rds, simulation_results_batch26264.rds, simulation_results_batch26265.rds, simulation_results_batch26266.rds, simulation_results_batch26267.rds, simulation_results_batch26268.rds, simulation_results_batch26269.rds, simulation_results_batch26270.rds
1824	simulation_results_batch26271.rds, simulation_results_batch26272.rds, simulation_results_batch26273.rds, simulation_results_batch26274.rds, simulation_results_batch26275.rds, simulation_results_batch26276.rds, simulation_results_batch26277.rds, simulation_results_batch26278.rds, simulation_results_batch26279.rds, simulation_results_batch26280.rds
1825	simulation_results_batch26281.rds, simulation_results_batch26282.rds, simulation_results_batch26283.rds, simulation_results_batch26284.rds, simulation_results_batch26285.rds, simulation_results_batch26286.rds, simulation_results_batch26287.rds, simulation_results_batch26288.rds, simulation_results_batch26289.rds, simulation_results_batch26290.rds
1826	simulation_results_batch26291.rds, simulation_results_batch26292.rds, simulation_results_batch26293.rds, simulation_results_batch26294.rds, simulation_results_batch26295.rds, simulation_results_batch26296.rds, simulation_results_batch26297.rds, simulation_results_batch26298.rds, simulation_results_batch26299.rds, simulation_results_batch26300.rds
1827	simulation_results_batch26301.rds, simulation_results_batch26302.rds, simulation_results_batch26303.rds, simulation_results_batch26304.rds, simulation_results_batch26305.rds, simulation_results_batch26306.rds, simulation_results_batch26307.rds, simulation_results_batch26308.rds, simulation_results_batch26309.rds, simulation_results_batch26310.rds
1828	simulation_results_batch26311.rds, simulation_results_batch26312.rds, simulation_results_batch26313.rds, simulation_results_batch26314.rds, simulation_results_batch26315.rds, simulation_results_batch26316.rds, simulation_results_batch26317.rds, simulation_results_batch26318.rds, simulation_results_batch26319.rds, simulation_results_batch26320.rds
1829	simulation_results_batch26321.rds, simulation_results_batch26322.rds, simulation_results_batch26323.rds, simulation_results_batch26324.rds, simulation_results_batch26325.rds, simulation_results_batch26326.rds, simulation_results_batch26327.rds, simulation_results_batch26328.rds, simulation_results_batch26329.rds, simulation_results_batch26330.rds
1830	simulation_results_batch26331.rds, simulation_results_batch26332.rds, simulation_results_batch26333.rds, simulation_results_batch26334.rds, simulation_results_batch26335.rds, simulation_results_batch26336.rds, simulation_results_batch26337.rds, simulation_results_batch26338.rds, simulation_results_batch26339.rds, simulation_results_batch26340.rds
1831	simulation_results_batch26341.rds, simulation_results_batch26342.rds, simulation_results_batch26343.rds, simulation_results_batch26344.rds, simulation_results_batch26345.rds, simulation_results_batch26346.rds, simulation_results_batch26347.rds, simulation_results_batch26348.rds, simulation_results_batch26349.rds, simulation_results_batch26350.rds
1832	simulation_results_batch26351.rds, simulation_results_batch26352.rds, simulation_results_batch26353.rds, simulation_results_batch26354.rds, simulation_results_batch26355.rds, simulation_results_batch26356.rds, simulation_results_batch26357.rds, simulation_results_batch26358.rds, simulation_results_batch26359.rds, simulation_results_batch26360.rds
1833	simulation_results_batch26361.rds, simulation_results_batch26362.rds, simulation_results_batch26363.rds, simulation_results_batch26364.rds, simulation_results_batch26365.rds, simulation_results_batch26366.rds, simulation_results_batch26367.rds, simulation_results_batch26368.rds, simulation_results_batch26369.rds, simulation_results_batch26370.rds
1834	simulation_results_batch26371.rds, simulation_results_batch26372.rds, simulation_results_batch26373.rds, simulation_results_batch26374.rds, simulation_results_batch26375.rds, simulation_results_batch26376.rds, simulation_results_batch26377.rds, simulation_results_batch26378.rds, simulation_results_batch26379.rds, simulation_results_batch26380.rds
1835	simulation_results_batch26381.rds, simulation_results_batch26382.rds, simulation_results_batch26383.rds, simulation_results_batch26384.rds, simulation_results_batch26385.rds, simulation_results_batch26386.rds, simulation_results_batch26387.rds, simulation_results_batch26388.rds, simulation_results_batch26389.rds, simulation_results_batch26390.rds
1836	simulation_results_batch26391.rds, simulation_results_batch26392.rds, simulation_results_batch26393.rds, simulation_results_batch26394.rds, simulation_results_batch26395.rds, simulation_results_batch26396.rds, simulation_results_batch26397.rds, simulation_results_batch26398.rds, simulation_results_batch26399.rds, simulation_results_batch26400.rds
1837	simulation_results_batch26401.rds, simulation_results_batch26402.rds, simulation_results_batch26403.rds, simulation_results_batch26404.rds, simulation_results_batch26405.rds, simulation_results_batch26406.rds, simulation_results_batch26407.rds, simulation_results_batch26408.rds, simulation_results_batch26409.rds, simulation_results_batch26410.rds
1838	simulation_results_batch26411.rds, simulation_results_batch26412.rds, simulation_results_batch26413.rds, simulation_results_batch26414.rds, simulation_results_batch26415.rds, simulation_results_batch26416.rds, simulation_results_batch26417.rds, simulation_results_batch26418.rds, simulation_results_batch26419.rds, simulation_results_batch26420.rds
1839	simulation_results_batch26421.rds, simulation_results_batch26422.rds, simulation_results_batch26423.rds, simulation_results_batch26424.rds, simulation_results_batch26425.rds, simulation_results_batch26426.rds, simulation_results_batch26427.rds, simulation_results_batch26428.rds, simulation_results_batch26429.rds, simulation_results_batch26430.rds
1840	simulation_results_batch26431.rds, simulation_results_batch26432.rds, simulation_results_batch26433.rds, simulation_results_batch26434.rds, simulation_results_batch26435.rds, simulation_results_batch26436.rds, simulation_results_batch26437.rds, simulation_results_batch26438.rds, simulation_results_batch26439.rds, simulation_results_batch26440.rds
1841	simulation_results_batch26441.rds, simulation_results_batch26442.rds, simulation_results_batch26443.rds, simulation_results_batch26444.rds, simulation_results_batch26445.rds, simulation_results_batch26446.rds, simulation_results_batch26447.rds, simulation_results_batch26448.rds, simulation_results_batch26449.rds, simulation_results_batch26450.rds
1842	simulation_results_batch26451.rds, simulation_results_batch26452.rds, simulation_results_batch26453.rds, simulation_results_batch26454.rds, simulation_results_batch26455.rds, simulation_results_batch26456.rds, simulation_results_batch26457.rds, simulation_results_batch26458.rds, simulation_results_batch26459.rds, simulation_results_batch26460.rds
1843	simulation_results_batch26461.rds, simulation_results_batch26462.rds, simulation_results_batch26463.rds, simulation_results_batch26464.rds, simulation_results_batch26465.rds, simulation_results_batch26466.rds, simulation_results_batch26467.rds, simulation_results_batch26468.rds, simulation_results_batch26469.rds, simulation_results_batch26470.rds
1844	simulation_results_batch26471.rds, simulation_results_batch26472.rds, simulation_results_batch26473.rds, simulation_results_batch26474.rds, simulation_results_batch26475.rds, simulation_results_batch26476.rds, simulation_results_batch26477.rds, simulation_results_batch26478.rds, simulation_results_batch26479.rds, simulation_results_batch26480.rds
1845	simulation_results_batch26481.rds, simulation_results_batch26482.rds, simulation_results_batch26483.rds, simulation_results_batch26484.rds, simulation_results_batch26485.rds, simulation_results_batch26486.rds, simulation_results_batch26487.rds, simulation_results_batch26488.rds, simulation_results_batch26489.rds, simulation_results_batch26490.rds
1846	simulation_results_batch26491.rds, simulation_results_batch26492.rds, simulation_results_batch26493.rds, simulation_results_batch26494.rds, simulation_results_batch26495.rds, simulation_results_batch26496.rds, simulation_results_batch26497.rds, simulation_results_batch26498.rds, simulation_results_batch26499.rds, simulation_results_batch26500.rds
1847	simulation_results_batch26501.rds, simulation_results_batch26502.rds, simulation_results_batch26503.rds, simulation_results_batch26504.rds, simulation_results_batch26505.rds, simulation_results_batch26506.rds, simulation_results_batch26507.rds, simulation_results_batch26508.rds, simulation_results_batch26509.rds, simulation_results_batch26510.rds
1848	simulation_results_batch26511.rds, simulation_results_batch26512.rds, simulation_results_batch26513.rds, simulation_results_batch26514.rds, simulation_results_batch26515.rds, simulation_results_batch26516.rds, simulation_results_batch26517.rds, simulation_results_batch26518.rds, simulation_results_batch26519.rds, simulation_results_batch26520.rds
1849	simulation_results_batch26521.rds, simulation_results_batch26522.rds, simulation_results_batch26523.rds, simulation_results_batch26524.rds, simulation_results_batch26525.rds, simulation_results_batch26526.rds, simulation_results_batch26527.rds, simulation_results_batch26528.rds, simulation_results_batch26529.rds, simulation_results_batch26530.rds
1850	simulation_results_batch26531.rds, simulation_results_batch26532.rds, simulation_results_batch26533.rds, simulation_results_batch26534.rds, simulation_results_batch26535.rds, simulation_results_batch26536.rds, simulation_results_batch26537.rds, simulation_results_batch26538.rds, simulation_results_batch26539.rds, simulation_results_batch26540.rds
1851	simulation_results_batch26541.rds, simulation_results_batch26542.rds, simulation_results_batch26543.rds, simulation_results_batch26544.rds, simulation_results_batch26545.rds, simulation_results_batch26546.rds, simulation_results_batch26547.rds, simulation_results_batch26548.rds, simulation_results_batch26549.rds, simulation_results_batch26550.rds
1852	simulation_results_batch26551.rds, simulation_results_batch26552.rds, simulation_results_batch26553.rds, simulation_results_batch26554.rds, simulation_results_batch26555.rds, simulation_results_batch26556.rds, simulation_results_batch26557.rds, simulation_results_batch26558.rds, simulation_results_batch26559.rds, simulation_results_batch26560.rds
1853	simulation_results_batch26561.rds, simulation_results_batch26562.rds, simulation_results_batch26563.rds, simulation_results_batch26564.rds, simulation_results_batch26565.rds, simulation_results_batch26566.rds, simulation_results_batch26567.rds, simulation_results_batch26568.rds, simulation_results_batch26569.rds, simulation_results_batch26570.rds
1854	simulation_results_batch26571.rds, simulation_results_batch26572.rds, simulation_results_batch26573.rds, simulation_results_batch26574.rds, simulation_results_batch26575.rds, simulation_results_batch26576.rds, simulation_results_batch26577.rds, simulation_results_batch26578.rds, simulation_results_batch26579.rds, simulation_results_batch26580.rds
1855	simulation_results_batch26581.rds, simulation_results_batch26582.rds, simulation_results_batch26583.rds, simulation_results_batch26584.rds, simulation_results_batch26585.rds, simulation_results_batch26586.rds, simulation_results_batch26587.rds, simulation_results_batch26588.rds, simulation_results_batch26589.rds, simulation_results_batch26590.rds
1856	simulation_results_batch26591.rds, simulation_results_batch26592.rds, simulation_results_batch26593.rds, simulation_results_batch26594.rds, simulation_results_batch26595.rds, simulation_results_batch26596.rds, simulation_results_batch26597.rds, simulation_results_batch26598.rds, simulation_results_batch26599.rds, simulation_results_batch26600.rds
1857	simulation_results_batch26601.rds, simulation_results_batch26602.rds, simulation_results_batch26603.rds, simulation_results_batch26604.rds, simulation_results_batch26605.rds, simulation_results_batch26606.rds, simulation_results_batch26607.rds, simulation_results_batch26608.rds, simulation_results_batch26609.rds, simulation_results_batch26610.rds
1858	simulation_results_batch26611.rds, simulation_results_batch26612.rds, simulation_results_batch26613.rds, simulation_results_batch26614.rds, simulation_results_batch26615.rds, simulation_results_batch26616.rds, simulation_results_batch26617.rds, simulation_results_batch26618.rds, simulation_results_batch26619.rds, simulation_results_batch26620.rds
1859	simulation_results_batch26621.rds, simulation_results_batch26622.rds, simulation_results_batch26623.rds, simulation_results_batch26624.rds, simulation_results_batch26625.rds, simulation_results_batch26626.rds, simulation_results_batch26627.rds, simulation_results_batch26628.rds, simulation_results_batch26629.rds, simulation_results_batch26630.rds
1860	simulation_results_batch26631.rds, simulation_results_batch26632.rds, simulation_results_batch26633.rds, simulation_results_batch26634.rds, simulation_results_batch26635.rds, simulation_results_batch26636.rds, simulation_results_batch26637.rds, simulation_results_batch26638.rds, simulation_results_batch26639.rds, simulation_results_batch26640.rds
1861	simulation_results_batch26641.rds, simulation_results_batch26642.rds, simulation_results_batch26643.rds, simulation_results_batch26644.rds, simulation_results_batch26645.rds, simulation_results_batch26646.rds, simulation_results_batch26647.rds, simulation_results_batch26648.rds, simulation_results_batch26649.rds, simulation_results_batch26650.rds
1862	simulation_results_batch26651.rds, simulation_results_batch26652.rds, simulation_results_batch26653.rds, simulation_results_batch26654.rds, simulation_results_batch26655.rds, simulation_results_batch26656.rds, simulation_results_batch26657.rds, simulation_results_batch26658.rds, simulation_results_batch26659.rds, simulation_results_batch26660.rds
1863	simulation_results_batch26661.rds, simulation_results_batch26662.rds, simulation_results_batch26663.rds, simulation_results_batch26664.rds, simulation_results_batch26665.rds, simulation_results_batch26666.rds, simulation_results_batch26667.rds, simulation_results_batch26668.rds, simulation_results_batch26669.rds, simulation_results_batch26670.rds
1864	simulation_results_batch26671.rds, simulation_results_batch26672.rds, simulation_results_batch26673.rds, simulation_results_batch26674.rds, simulation_results_batch26675.rds, simulation_results_batch26676.rds, simulation_results_batch26677.rds, simulation_results_batch26678.rds, simulation_results_batch26679.rds, simulation_results_batch26680.rds
1865	simulation_results_batch26681.rds, simulation_results_batch26682.rds, simulation_results_batch26683.rds, simulation_results_batch26684.rds, simulation_results_batch26685.rds, simulation_results_batch26686.rds, simulation_results_batch26687.rds, simulation_results_batch26688.rds, simulation_results_batch26689.rds, simulation_results_batch26690.rds
1866	simulation_results_batch26691.rds, simulation_results_batch26692.rds, simulation_results_batch26693.rds, simulation_results_batch26694.rds, simulation_results_batch26695.rds, simulation_results_batch26696.rds, simulation_results_batch26697.rds, simulation_results_batch26698.rds, simulation_results_batch26699.rds, simulation_results_batch26700.rds
1867	simulation_results_batch26701.rds, simulation_results_batch26702.rds, simulation_results_batch26703.rds, simulation_results_batch26704.rds, simulation_results_batch26705.rds, simulation_results_batch26706.rds, simulation_results_batch26707.rds, simulation_results_batch26708.rds, simulation_results_batch26709.rds, simulation_results_batch26710.rds
1868	simulation_results_batch26711.rds, simulation_results_batch26712.rds, simulation_results_batch26713.rds, simulation_results_batch26714.rds, simulation_results_batch26715.rds, simulation_results_batch26716.rds, simulation_results_batch26717.rds, simulation_results_batch26718.rds, simulation_results_batch26719.rds, simulation_results_batch26720.rds
1869	simulation_results_batch26721.rds, simulation_results_batch26722.rds, simulation_results_batch26723.rds, simulation_results_batch26724.rds, simulation_results_batch26725.rds, simulation_results_batch26726.rds, simulation_results_batch26727.rds, simulation_results_batch26728.rds, simulation_results_batch26729.rds, simulation_results_batch26730.rds
1870	simulation_results_batch26731.rds, simulation_results_batch26732.rds, simulation_results_batch26733.rds, simulation_results_batch26734.rds, simulation_results_batch26735.rds, simulation_results_batch26736.rds, simulation_results_batch26737.rds, simulation_results_batch26738.rds, simulation_results_batch26739.rds, simulation_results_batch26740.rds
1871	simulation_results_batch26741.rds, simulation_results_batch26742.rds, simulation_results_batch26743.rds, simulation_results_batch26744.rds, simulation_results_batch26745.rds, simulation_results_batch26746.rds, simulation_results_batch26747.rds, simulation_results_batch26748.rds, simulation_results_batch26749.rds, simulation_results_batch26750.rds
1872	simulation_results_batch26751.rds, simulation_results_batch26752.rds, simulation_results_batch26753.rds, simulation_results_batch26754.rds, simulation_results_batch26755.rds, simulation_results_batch26756.rds, simulation_results_batch26757.rds, simulation_results_batch26758.rds, simulation_results_batch26759.rds, simulation_results_batch26760.rds
1873	simulation_results_batch26761.rds, simulation_results_batch26762.rds, simulation_results_batch26763.rds, simulation_results_batch26764.rds, simulation_results_batch26765.rds, simulation_results_batch26766.rds, simulation_results_batch26767.rds, simulation_results_batch26768.rds, simulation_results_batch26769.rds, simulation_results_batch26770.rds
1874	simulation_results_batch26771.rds, simulation_results_batch26772.rds, simulation_results_batch26773.rds, simulation_results_batch26774.rds, simulation_results_batch26775.rds, simulation_results_batch26776.rds, simulation_results_batch26777.rds, simulation_results_batch26778.rds, simulation_results_batch26779.rds, simulation_results_batch26780.rds
1875	simulation_results_batch26781.rds, simulation_results_batch26782.rds, simulation_results_batch26783.rds, simulation_results_batch26784.rds, simulation_results_batch26785.rds, simulation_results_batch26786.rds, simulation_results_batch26787.rds, simulation_results_batch26788.rds, simulation_results_batch26789.rds, simulation_results_batch26790.rds
1876	simulation_results_batch26791.rds, simulation_results_batch26792.rds, simulation_results_batch26793.rds, simulation_results_batch26794.rds, simulation_results_batch26795.rds, simulation_results_batch26796.rds, simulation_results_batch26797.rds, simulation_results_batch26798.rds, simulation_results_batch26799.rds, simulation_results_batch26800.rds
1877	simulation_results_batch26801.rds, simulation_results_batch26802.rds, simulation_results_batch26803.rds, simulation_results_batch26804.rds, simulation_results_batch26805.rds, simulation_results_batch26806.rds, simulation_results_batch26807.rds, simulation_results_batch26808.rds, simulation_results_batch26809.rds, simulation_results_batch26810.rds
1878	simulation_results_batch26811.rds, simulation_results_batch26812.rds, simulation_results_batch26813.rds, simulation_results_batch26814.rds, simulation_results_batch26815.rds, simulation_results_batch26816.rds, simulation_results_batch26817.rds, simulation_results_batch26818.rds, simulation_results_batch26819.rds, simulation_results_batch26820.rds
1879	simulation_results_batch26821.rds, simulation_results_batch26822.rds, simulation_results_batch26823.rds, simulation_results_batch26824.rds, simulation_results_batch26825.rds, simulation_results_batch26826.rds, simulation_results_batch26827.rds, simulation_results_batch26828.rds, simulation_results_batch26829.rds, simulation_results_batch26830.rds
1880	simulation_results_batch26831.rds, simulation_results_batch26832.rds, simulation_results_batch26833.rds, simulation_results_batch26834.rds, simulation_results_batch26835.rds, simulation_results_batch26836.rds, simulation_results_batch26837.rds, simulation_results_batch26838.rds, simulation_results_batch26839.rds, simulation_results_batch26840.rds
1881	simulation_results_batch26841.rds, simulation_results_batch26842.rds, simulation_results_batch26843.rds, simulation_results_batch26844.rds, simulation_results_batch26845.rds, simulation_results_batch26846.rds, simulation_results_batch26847.rds, simulation_results_batch26848.rds, simulation_results_batch26849.rds, simulation_results_batch26850.rds
1882	simulation_results_batch26851.rds, simulation_results_batch26852.rds, simulation_results_batch26853.rds, simulation_results_batch26854.rds, simulation_results_batch26855.rds, simulation_results_batch26856.rds, simulation_results_batch26857.rds, simulation_results_batch26858.rds, simulation_results_batch26859.rds, simulation_results_batch26860.rds
1883	simulation_results_batch26861.rds, simulation_results_batch26862.rds, simulation_results_batch26863.rds, simulation_results_batch26864.rds, simulation_results_batch26865.rds, simulation_results_batch26866.rds, simulation_results_batch26867.rds, simulation_results_batch26868.rds, simulation_results_batch26869.rds, simulation_results_batch26870.rds
1884	simulation_results_batch26871.rds, simulation_results_batch26872.rds, simulation_results_batch26873.rds, simulation_results_batch26874.rds, simulation_results_batch26875.rds, simulation_results_batch26876.rds, simulation_results_batch26877.rds, simulation_results_batch26878.rds, simulation_results_batch26879.rds, simulation_results_batch26880.rds
1885	simulation_results_batch26881.rds, simulation_results_batch26882.rds, simulation_results_batch26883.rds, simulation_results_batch26884.rds, simulation_results_batch26885.rds, simulation_results_batch26886.rds, simulation_results_batch26887.rds, simulation_results_batch26888.rds, simulation_results_batch26889.rds, simulation_results_batch26890.rds
1886	simulation_results_batch26891.rds, simulation_results_batch26892.rds, simulation_results_batch26893.rds, simulation_results_batch26894.rds, simulation_results_batch26895.rds, simulation_results_batch26896.rds, simulation_results_batch26897.rds, simulation_results_batch26898.rds, simulation_results_batch26899.rds, simulation_results_batch26900.rds
1887	simulation_results_batch26901.rds, simulation_results_batch26902.rds, simulation_results_batch26903.rds, simulation_results_batch26904.rds, simulation_results_batch26905.rds, simulation_results_batch26906.rds, simulation_results_batch26907.rds, simulation_results_batch26908.rds, simulation_results_batch26909.rds, simulation_results_batch26910.rds
1888	simulation_results_batch26911.rds, simulation_results_batch26912.rds, simulation_results_batch26913.rds, simulation_results_batch26914.rds, simulation_results_batch26915.rds, simulation_results_batch26916.rds, simulation_results_batch26917.rds, simulation_results_batch26918.rds, simulation_results_batch26919.rds, simulation_results_batch26920.rds
1889	simulation_results_batch26921.rds, simulation_results_batch26922.rds, simulation_results_batch26923.rds, simulation_results_batch26924.rds, simulation_results_batch26925.rds, simulation_results_batch26926.rds, simulation_results_batch26927.rds, simulation_results_batch26928.rds, simulation_results_batch26929.rds, simulation_results_batch26930.rds
1890	simulation_results_batch26931.rds, simulation_results_batch26932.rds, simulation_results_batch26933.rds, simulation_results_batch26934.rds, simulation_results_batch26935.rds, simulation_results_batch26936.rds, simulation_results_batch26937.rds, simulation_results_batch26938.rds, simulation_results_batch26939.rds, simulation_results_batch26940.rds
1891	simulation_results_batch26941.rds, simulation_results_batch26942.rds, simulation_results_batch26943.rds, simulation_results_batch26944.rds, simulation_results_batch26945.rds, simulation_results_batch26946.rds, simulation_results_batch26947.rds, simulation_results_batch26948.rds, simulation_results_batch26949.rds, simulation_results_batch26950.rds
1892	simulation_results_batch26951.rds, simulation_results_batch26952.rds, simulation_results_batch26953.rds, simulation_results_batch26954.rds, simulation_results_batch26955.rds, simulation_results_batch26956.rds, simulation_results_batch26957.rds, simulation_results_batch26958.rds, simulation_results_batch26959.rds, simulation_results_batch26960.rds
1893	simulation_results_batch26961.rds, simulation_results_batch26962.rds, simulation_results_batch26963.rds, simulation_results_batch26964.rds, simulation_results_batch26965.rds, simulation_results_batch26966.rds, simulation_results_batch26967.rds, simulation_results_batch26968.rds, simulation_results_batch26969.rds, simulation_results_batch26970.rds
1894	simulation_results_batch26971.rds, simulation_results_batch26972.rds, simulation_results_batch26973.rds, simulation_results_batch26974.rds, simulation_results_batch26975.rds, simulation_results_batch26976.rds, simulation_results_batch26977.rds, simulation_results_batch26978.rds, simulation_results_batch26979.rds, simulation_results_batch26980.rds
1895	simulation_results_batch26981.rds, simulation_results_batch26982.rds, simulation_results_batch26983.rds, simulation_results_batch26984.rds, simulation_results_batch26985.rds, simulation_results_batch26986.rds, simulation_results_batch26987.rds, simulation_results_batch26988.rds, simulation_results_batch26989.rds, simulation_results_batch26990.rds
1896	simulation_results_batch26991.rds, simulation_results_batch26992.rds, simulation_results_batch26993.rds, simulation_results_batch26994.rds, simulation_results_batch26995.rds, simulation_results_batch26996.rds, simulation_results_batch26997.rds, simulation_results_batch26998.rds, simulation_results_batch26999.rds, simulation_results_batch27000.rds
1897	simulation_results_batch27001.rds, simulation_results_batch27002.rds, simulation_results_batch27003.rds, simulation_results_batch27004.rds, simulation_results_batch27005.rds, simulation_results_batch27006.rds, simulation_results_batch27007.rds, simulation_results_batch27008.rds, simulation_results_batch27009.rds, simulation_results_batch27010.rds
1898	simulation_results_batch27011.rds, simulation_results_batch27012.rds, simulation_results_batch27013.rds, simulation_results_batch27014.rds, simulation_results_batch27015.rds, simulation_results_batch27016.rds, simulation_results_batch27017.rds, simulation_results_batch27018.rds, simulation_results_batch27019.rds, simulation_results_batch27020.rds
1899	simulation_results_batch27021.rds, simulation_results_batch27022.rds, simulation_results_batch27023.rds, simulation_results_batch27024.rds, simulation_results_batch27025.rds, simulation_results_batch27026.rds, simulation_results_batch27027.rds, simulation_results_batch27028.rds, simulation_results_batch27029.rds, simulation_results_batch27030.rds
1900	simulation_results_batch27031.rds, simulation_results_batch27032.rds, simulation_results_batch27033.rds, simulation_results_batch27034.rds, simulation_results_batch27035.rds, simulation_results_batch27036.rds, simulation_results_batch27037.rds, simulation_results_batch27038.rds, simulation_results_batch27039.rds, simulation_results_batch27040.rds
1901	simulation_results_batch27041.rds, simulation_results_batch27042.rds, simulation_results_batch27043.rds, simulation_results_batch27044.rds, simulation_results_batch27045.rds, simulation_results_batch27046.rds, simulation_results_batch27047.rds, simulation_results_batch27048.rds, simulation_results_batch27049.rds, simulation_results_batch27050.rds
1902	simulation_results_batch27051.rds, simulation_results_batch27052.rds, simulation_results_batch27053.rds, simulation_results_batch27054.rds, simulation_results_batch27055.rds, simulation_results_batch27056.rds, simulation_results_batch27057.rds, simulation_results_batch27058.rds, simulation_results_batch27059.rds, simulation_results_batch27060.rds
1903	simulation_results_batch27061.rds, simulation_results_batch27062.rds, simulation_results_batch27063.rds, simulation_results_batch27064.rds, simulation_results_batch27065.rds, simulation_results_batch27066.rds, simulation_results_batch27067.rds, simulation_results_batch27068.rds, simulation_results_batch27069.rds, simulation_results_batch27070.rds
1904	simulation_results_batch27071.rds, simulation_results_batch27072.rds, simulation_results_batch27073.rds, simulation_results_batch27074.rds, simulation_results_batch27075.rds, simulation_results_batch27076.rds, simulation_results_batch27077.rds, simulation_results_batch27078.rds, simulation_results_batch27079.rds, simulation_results_batch27080.rds
1905	simulation_results_batch27081.rds, simulation_results_batch27082.rds, simulation_results_batch27083.rds, simulation_results_batch27084.rds, simulation_results_batch27085.rds, simulation_results_batch27086.rds, simulation_results_batch27087.rds, simulation_results_batch27088.rds, simulation_results_batch27089.rds, simulation_results_batch27090.rds
1906	simulation_results_batch27091.rds, simulation_results_batch27092.rds, simulation_results_batch27093.rds, simulation_results_batch27094.rds, simulation_results_batch27095.rds, simulation_results_batch27096.rds, simulation_results_batch27097.rds, simulation_results_batch27098.rds, simulation_results_batch27099.rds, simulation_results_batch27100.rds
1907	simulation_results_batch27101.rds, simulation_results_batch27102.rds, simulation_results_batch27103.rds, simulation_results_batch27104.rds, simulation_results_batch27105.rds, simulation_results_batch27106.rds, simulation_results_batch27107.rds, simulation_results_batch27108.rds, simulation_results_batch27109.rds, simulation_results_batch27110.rds
1908	simulation_results_batch27111.rds, simulation_results_batch27112.rds, simulation_results_batch27113.rds, simulation_results_batch27114.rds, simulation_results_batch27115.rds, simulation_results_batch27116.rds, simulation_results_batch27117.rds, simulation_results_batch27118.rds, simulation_results_batch27119.rds, simulation_results_batch27120.rds
1909	simulation_results_batch27121.rds, simulation_results_batch27122.rds, simulation_results_batch27123.rds, simulation_results_batch27124.rds, simulation_results_batch27125.rds, simulation_results_batch27126.rds, simulation_results_batch27127.rds, simulation_results_batch27128.rds, simulation_results_batch27129.rds, simulation_results_batch27130.rds
1910	simulation_results_batch27131.rds, simulation_results_batch27132.rds, simulation_results_batch27133.rds, simulation_results_batch27134.rds, simulation_results_batch27135.rds, simulation_results_batch27136.rds, simulation_results_batch27137.rds, simulation_results_batch27138.rds, simulation_results_batch27139.rds, simulation_results_batch27140.rds
1911	simulation_results_batch27141.rds, simulation_results_batch27142.rds, simulation_results_batch27143.rds, simulation_results_batch27144.rds, simulation_results_batch27145.rds, simulation_results_batch27146.rds, simulation_results_batch27147.rds, simulation_results_batch27148.rds, simulation_results_batch27149.rds, simulation_results_batch27150.rds
1912	simulation_results_batch27151.rds, simulation_results_batch27152.rds, simulation_results_batch27153.rds, simulation_results_batch27154.rds, simulation_results_batch27155.rds, simulation_results_batch27156.rds, simulation_results_batch27157.rds, simulation_results_batch27158.rds, simulation_results_batch27159.rds, simulation_results_batch27160.rds
1913	simulation_results_batch27161.rds, simulation_results_batch27162.rds, simulation_results_batch27163.rds, simulation_results_batch27164.rds, simulation_results_batch27165.rds, simulation_results_batch27166.rds, simulation_results_batch27167.rds, simulation_results_batch27168.rds, simulation_results_batch27169.rds, simulation_results_batch27170.rds
1914	simulation_results_batch27171.rds, simulation_results_batch27172.rds, simulation_results_batch27173.rds, simulation_results_batch27174.rds, simulation_results_batch27175.rds, simulation_results_batch27176.rds, simulation_results_batch27177.rds, simulation_results_batch27178.rds, simulation_results_batch27179.rds, simulation_results_batch27180.rds
1915	simulation_results_batch27181.rds, simulation_results_batch27182.rds, simulation_results_batch27183.rds, simulation_results_batch27184.rds, simulation_results_batch27185.rds, simulation_results_batch27186.rds, simulation_results_batch27187.rds, simulation_results_batch27188.rds, simulation_results_batch27189.rds, simulation_results_batch27190.rds
1916	simulation_results_batch27191.rds, simulation_results_batch27192.rds, simulation_results_batch27193.rds, simulation_results_batch27194.rds, simulation_results_batch27195.rds, simulation_results_batch27196.rds, simulation_results_batch27197.rds, simulation_results_batch27198.rds, simulation_results_batch27199.rds, simulation_results_batch27200.rds
1917	simulation_results_batch27201.rds, simulation_results_batch27202.rds, simulation_results_batch27203.rds, simulation_results_batch27204.rds, simulation_results_batch27205.rds, simulation_results_batch27206.rds, simulation_results_batch27207.rds, simulation_results_batch27208.rds, simulation_results_batch27209.rds, simulation_results_batch27210.rds
1918	simulation_results_batch27211.rds, simulation_results_batch27212.rds, simulation_results_batch27213.rds, simulation_results_batch27214.rds, simulation_results_batch27215.rds, simulation_results_batch27216.rds, simulation_results_batch27217.rds, simulation_results_batch27218.rds, simulation_results_batch27219.rds, simulation_results_batch27220.rds
1919	simulation_results_batch27221.rds, simulation_results_batch27222.rds, simulation_results_batch27223.rds, simulation_results_batch27224.rds, simulation_results_batch27225.rds, simulation_results_batch27226.rds, simulation_results_batch27227.rds, simulation_results_batch27228.rds, simulation_results_batch27229.rds, simulation_results_batch27230.rds
1920	simulation_results_batch27231.rds, simulation_results_batch27232.rds, simulation_results_batch27233.rds, simulation_results_batch27234.rds, simulation_results_batch27235.rds, simulation_results_batch27236.rds, simulation_results_batch27237.rds, simulation_results_batch27238.rds, simulation_results_batch27239.rds, simulation_results_batch27240.rds
1921	simulation_results_batch27241.rds, simulation_results_batch27242.rds, simulation_results_batch27243.rds, simulation_results_batch27244.rds, simulation_results_batch27245.rds, simulation_results_batch27246.rds, simulation_results_batch27247.rds, simulation_results_batch27248.rds, simulation_results_batch27249.rds, simulation_results_batch27250.rds
1922	simulation_results_batch27251.rds, simulation_results_batch27252.rds, simulation_results_batch27253.rds, simulation_results_batch27254.rds, simulation_results_batch27255.rds, simulation_results_batch27256.rds, simulation_results_batch27257.rds, simulation_results_batch27258.rds, simulation_results_batch27259.rds, simulation_results_batch27260.rds
1923	simulation_results_batch27261.rds, simulation_results_batch27262.rds, simulation_results_batch27263.rds, simulation_results_batch27264.rds, simulation_results_batch27265.rds, simulation_results_batch27266.rds, simulation_results_batch27267.rds, simulation_results_batch27268.rds, simulation_results_batch27269.rds, simulation_results_batch27270.rds
1924	simulation_results_batch27271.rds, simulation_results_batch27272.rds, simulation_results_batch27273.rds, simulation_results_batch27274.rds, simulation_results_batch27275.rds, simulation_results_batch27276.rds, simulation_results_batch27277.rds, simulation_results_batch27278.rds, simulation_results_batch27279.rds, simulation_results_batch27280.rds
1925	simulation_results_batch27281.rds, simulation_results_batch27282.rds, simulation_results_batch27283.rds, simulation_results_batch27284.rds, simulation_results_batch27285.rds, simulation_results_batch27286.rds, simulation_results_batch27287.rds, simulation_results_batch27288.rds, simulation_results_batch27289.rds, simulation_results_batch27290.rds
1926	simulation_results_batch27291.rds, simulation_results_batch27292.rds, simulation_results_batch27293.rds, simulation_results_batch27294.rds, simulation_results_batch27295.rds, simulation_results_batch27296.rds, simulation_results_batch27297.rds, simulation_results_batch27298.rds, simulation_results_batch27299.rds, simulation_results_batch27300.rds
1927	simulation_results_batch27301.rds, simulation_results_batch27302.rds, simulation_results_batch27303.rds, simulation_results_batch27304.rds, simulation_results_batch27305.rds, simulation_results_batch27306.rds, simulation_results_batch27307.rds, simulation_results_batch27308.rds, simulation_results_batch27309.rds, simulation_results_batch27310.rds
1928	simulation_results_batch27311.rds, simulation_results_batch27312.rds, simulation_results_batch27313.rds, simulation_results_batch27314.rds, simulation_results_batch27315.rds, simulation_results_batch27316.rds, simulation_results_batch27317.rds, simulation_results_batch27318.rds, simulation_results_batch27319.rds, simulation_results_batch27320.rds
1929	simulation_results_batch27321.rds, simulation_results_batch27322.rds, simulation_results_batch27323.rds, simulation_results_batch27324.rds, simulation_results_batch27325.rds, simulation_results_batch27326.rds, simulation_results_batch27327.rds, simulation_results_batch27328.rds, simulation_results_batch27329.rds, simulation_results_batch27330.rds
1930	simulation_results_batch27331.rds, simulation_results_batch27332.rds, simulation_results_batch27333.rds, simulation_results_batch27334.rds, simulation_results_batch27335.rds, simulation_results_batch27336.rds, simulation_results_batch27337.rds, simulation_results_batch27338.rds, simulation_results_batch27339.rds, simulation_results_batch27340.rds
1931	simulation_results_batch27341.rds, simulation_results_batch27342.rds, simulation_results_batch27343.rds, simulation_results_batch27344.rds, simulation_results_batch27345.rds, simulation_results_batch27346.rds, simulation_results_batch27347.rds, simulation_results_batch27348.rds, simulation_results_batch27349.rds, simulation_results_batch27350.rds
1932	simulation_results_batch27351.rds, simulation_results_batch27352.rds, simulation_results_batch27353.rds, simulation_results_batch27354.rds, simulation_results_batch27355.rds, simulation_results_batch27356.rds, simulation_results_batch27357.rds, simulation_results_batch27358.rds, simulation_results_batch27359.rds, simulation_results_batch27360.rds
1933	simulation_results_batch27361.rds, simulation_results_batch27362.rds, simulation_results_batch27363.rds, simulation_results_batch27364.rds, simulation_results_batch27365.rds, simulation_results_batch27366.rds, simulation_results_batch27367.rds, simulation_results_batch27368.rds, simulation_results_batch27369.rds, simulation_results_batch27370.rds
1934	simulation_results_batch27371.rds, simulation_results_batch27372.rds, simulation_results_batch27373.rds, simulation_results_batch27374.rds, simulation_results_batch27375.rds, simulation_results_batch27376.rds, simulation_results_batch27377.rds, simulation_results_batch27378.rds, simulation_results_batch27379.rds, simulation_results_batch27380.rds
1935	simulation_results_batch27381.rds, simulation_results_batch27382.rds, simulation_results_batch27383.rds, simulation_results_batch27384.rds, simulation_results_batch27385.rds, simulation_results_batch27386.rds, simulation_results_batch27387.rds, simulation_results_batch27388.rds, simulation_results_batch27389.rds, simulation_results_batch27390.rds
1936	simulation_results_batch27391.rds, simulation_results_batch27392.rds, simulation_results_batch27393.rds, simulation_results_batch27394.rds, simulation_results_batch27395.rds, simulation_results_batch27396.rds, simulation_results_batch27397.rds, simulation_results_batch27398.rds, simulation_results_batch27399.rds, simulation_results_batch27400.rds
1937	simulation_results_batch27401.rds, simulation_results_batch27402.rds, simulation_results_batch27403.rds, simulation_results_batch27404.rds, simulation_results_batch27405.rds, simulation_results_batch27406.rds, simulation_results_batch27407.rds, simulation_results_batch27408.rds, simulation_results_batch27409.rds, simulation_results_batch27410.rds
1938	simulation_results_batch27411.rds, simulation_results_batch27412.rds, simulation_results_batch27413.rds, simulation_results_batch27414.rds, simulation_results_batch27415.rds, simulation_results_batch27416.rds, simulation_results_batch27417.rds, simulation_results_batch27418.rds, simulation_results_batch27419.rds, simulation_results_batch27420.rds
1939	simulation_results_batch27421.rds, simulation_results_batch27422.rds, simulation_results_batch27423.rds, simulation_results_batch27424.rds, simulation_results_batch27425.rds, simulation_results_batch27426.rds, simulation_results_batch27427.rds, simulation_results_batch27428.rds, simulation_results_batch27429.rds, simulation_results_batch27430.rds
1940	simulation_results_batch27431.rds, simulation_results_batch27432.rds, simulation_results_batch27433.rds, simulation_results_batch27434.rds, simulation_results_batch27435.rds, simulation_results_batch27436.rds, simulation_results_batch27437.rds, simulation_results_batch27438.rds, simulation_results_batch27439.rds, simulation_results_batch27440.rds
1941	simulation_results_batch27441.rds, simulation_results_batch27442.rds, simulation_results_batch27443.rds, simulation_results_batch27444.rds, simulation_results_batch27445.rds, simulation_results_batch27446.rds, simulation_results_batch27447.rds, simulation_results_batch27448.rds, simulation_results_batch27449.rds, simulation_results_batch27450.rds
1942	simulation_results_batch27451.rds, simulation_results_batch27452.rds, simulation_results_batch27453.rds, simulation_results_batch27454.rds, simulation_results_batch27455.rds, simulation_results_batch27456.rds, simulation_results_batch27457.rds, simulation_results_batch27458.rds, simulation_results_batch27459.rds, simulation_results_batch27460.rds
1943	simulation_results_batch27461.rds, simulation_results_batch27462.rds, simulation_results_batch27463.rds, simulation_results_batch27464.rds, simulation_results_batch27465.rds, simulation_results_batch27466.rds, simulation_results_batch27467.rds, simulation_results_batch27468.rds, simulation_results_batch27469.rds, simulation_results_batch27470.rds
1944	simulation_results_batch27471.rds, simulation_results_batch27472.rds, simulation_results_batch27473.rds, simulation_results_batch27474.rds, simulation_results_batch27475.rds, simulation_results_batch27476.rds, simulation_results_batch27477.rds, simulation_results_batch27478.rds, simulation_results_batch27479.rds, simulation_results_batch27480.rds
1945	simulation_results_batch27481.rds, simulation_results_batch27482.rds, simulation_results_batch27483.rds, simulation_results_batch27484.rds, simulation_results_batch27485.rds, simulation_results_batch27486.rds, simulation_results_batch27487.rds, simulation_results_batch27488.rds, simulation_results_batch27489.rds, simulation_results_batch27490.rds
1946	simulation_results_batch27491.rds, simulation_results_batch27492.rds, simulation_results_batch27493.rds, simulation_results_batch27494.rds, simulation_results_batch27495.rds, simulation_results_batch27496.rds, simulation_results_batch27497.rds, simulation_results_batch27498.rds, simulation_results_batch27499.rds, simulation_results_batch27500.rds
1947	simulation_results_batch27501.rds, simulation_results_batch27502.rds, simulation_results_batch27503.rds, simulation_results_batch27504.rds, simulation_results_batch27505.rds, simulation_results_batch27506.rds, simulation_results_batch27507.rds, simulation_results_batch27508.rds, simulation_results_batch27509.rds, simulation_results_batch27510.rds
1948	simulation_results_batch27511.rds, simulation_results_batch27512.rds, simulation_results_batch27513.rds, simulation_results_batch27514.rds, simulation_results_batch27515.rds, simulation_results_batch27516.rds, simulation_results_batch27517.rds, simulation_results_batch27518.rds, simulation_results_batch27519.rds, simulation_results_batch27520.rds
1949	simulation_results_batch27521.rds, simulation_results_batch27522.rds, simulation_results_batch27523.rds, simulation_results_batch27524.rds, simulation_results_batch27525.rds, simulation_results_batch27526.rds, simulation_results_batch27527.rds, simulation_results_batch27528.rds, simulation_results_batch27529.rds, simulation_results_batch27530.rds
1950	simulation_results_batch27531.rds, simulation_results_batch27532.rds, simulation_results_batch27533.rds, simulation_results_batch27534.rds, simulation_results_batch27535.rds, simulation_results_batch27536.rds, simulation_results_batch27537.rds, simulation_results_batch27538.rds, simulation_results_batch27539.rds, simulation_results_batch27540.rds
1951	simulation_results_batch27541.rds, simulation_results_batch27542.rds, simulation_results_batch27543.rds, simulation_results_batch27544.rds, simulation_results_batch27545.rds, simulation_results_batch27546.rds, simulation_results_batch27547.rds, simulation_results_batch27548.rds, simulation_results_batch27549.rds, simulation_results_batch27550.rds
1952	simulation_results_batch27551.rds, simulation_results_batch27552.rds, simulation_results_batch27553.rds, simulation_results_batch27554.rds, simulation_results_batch27555.rds, simulation_results_batch27556.rds, simulation_results_batch27557.rds, simulation_results_batch27558.rds, simulation_results_batch27559.rds, simulation_results_batch27560.rds
1953	simulation_results_batch27561.rds, simulation_results_batch27562.rds, simulation_results_batch27563.rds, simulation_results_batch27564.rds, simulation_results_batch27565.rds, simulation_results_batch27566.rds, simulation_results_batch27567.rds, simulation_results_batch27568.rds, simulation_results_batch27569.rds, simulation_results_batch27570.rds
1954	simulation_results_batch27571.rds, simulation_results_batch27572.rds, simulation_results_batch27573.rds, simulation_results_batch27574.rds, simulation_results_batch27575.rds, simulation_results_batch27576.rds, simulation_results_batch27577.rds, simulation_results_batch27578.rds, simulation_results_batch27579.rds, simulation_results_batch27580.rds
1955	simulation_results_batch27581.rds, simulation_results_batch27582.rds, simulation_results_batch27583.rds, simulation_results_batch27584.rds, simulation_results_batch27585.rds, simulation_results_batch27586.rds, simulation_results_batch27587.rds, simulation_results_batch27588.rds, simulation_results_batch27589.rds, simulation_results_batch27590.rds
1956	simulation_results_batch27591.rds, simulation_results_batch27592.rds, simulation_results_batch27593.rds, simulation_results_batch27594.rds, simulation_results_batch27595.rds, simulation_results_batch27596.rds, simulation_results_batch27597.rds, simulation_results_batch27598.rds, simulation_results_batch27599.rds, simulation_results_batch27600.rds
1957	simulation_results_batch27601.rds, simulation_results_batch27602.rds, simulation_results_batch27603.rds, simulation_results_batch27604.rds, simulation_results_batch27605.rds, simulation_results_batch27606.rds, simulation_results_batch27607.rds, simulation_results_batch27608.rds, simulation_results_batch27609.rds, simulation_results_batch27610.rds
1958	simulation_results_batch27611.rds, simulation_results_batch27612.rds, simulation_results_batch27613.rds, simulation_results_batch27614.rds, simulation_results_batch27615.rds, simulation_results_batch27616.rds, simulation_results_batch27617.rds, simulation_results_batch27618.rds, simulation_results_batch27619.rds, simulation_results_batch27620.rds
1959	simulation_results_batch27621.rds, simulation_results_batch27622.rds, simulation_results_batch27623.rds, simulation_results_batch27624.rds, simulation_results_batch27625.rds, simulation_results_batch27626.rds, simulation_results_batch27627.rds, simulation_results_batch27628.rds, simulation_results_batch27629.rds, simulation_results_batch27630.rds
1960	simulation_results_batch27631.rds, simulation_results_batch27632.rds, simulation_results_batch27633.rds, simulation_results_batch27634.rds, simulation_results_batch27635.rds, simulation_results_batch27636.rds, simulation_results_batch27637.rds, simulation_results_batch27638.rds, simulation_results_batch27639.rds, simulation_results_batch27640.rds
1961	simulation_results_batch27641.rds, simulation_results_batch27642.rds, simulation_results_batch27643.rds, simulation_results_batch27644.rds, simulation_results_batch27645.rds, simulation_results_batch27646.rds, simulation_results_batch27647.rds, simulation_results_batch27648.rds, simulation_results_batch27649.rds, simulation_results_batch27650.rds
1962	simulation_results_batch27651.rds, simulation_results_batch27652.rds, simulation_results_batch27653.rds, simulation_results_batch27654.rds, simulation_results_batch27655.rds, simulation_results_batch27656.rds, simulation_results_batch27657.rds, simulation_results_batch27658.rds, simulation_results_batch27659.rds, simulation_results_batch27660.rds
1963	simulation_results_batch27661.rds, simulation_results_batch27662.rds, simulation_results_batch27663.rds, simulation_results_batch27664.rds, simulation_results_batch27665.rds, simulation_results_batch27666.rds, simulation_results_batch27667.rds, simulation_results_batch27668.rds, simulation_results_batch27669.rds, simulation_results_batch27670.rds
1964	simulation_results_batch27671.rds, simulation_results_batch27672.rds, simulation_results_batch27673.rds, simulation_results_batch27674.rds, simulation_results_batch27675.rds, simulation_results_batch27676.rds, simulation_results_batch27677.rds, simulation_results_batch27678.rds, simulation_results_batch27679.rds, simulation_results_batch27680.rds
1965	simulation_results_batch27681.rds, simulation_results_batch27682.rds, simulation_results_batch27683.rds, simulation_results_batch27684.rds, simulation_results_batch27685.rds, simulation_results_batch27686.rds, simulation_results_batch27687.rds, simulation_results_batch27688.rds, simulation_results_batch27689.rds, simulation_results_batch27690.rds
1966	simulation_results_batch27691.rds, simulation_results_batch27692.rds, simulation_results_batch27693.rds, simulation_results_batch27694.rds, simulation_results_batch27695.rds, simulation_results_batch27696.rds, simulation_results_batch27697.rds, simulation_results_batch27698.rds, simulation_results_batch27699.rds, simulation_results_batch27700.rds
1967	simulation_results_batch27701.rds, simulation_results_batch27702.rds, simulation_results_batch27703.rds, simulation_results_batch27704.rds, simulation_results_batch27705.rds, simulation_results_batch27706.rds, simulation_results_batch27707.rds, simulation_results_batch27708.rds, simulation_results_batch27709.rds, simulation_results_batch27710.rds
1968	simulation_results_batch27711.rds, simulation_results_batch27712.rds, simulation_results_batch27713.rds, simulation_results_batch27714.rds, simulation_results_batch27715.rds, simulation_results_batch27716.rds, simulation_results_batch27717.rds, simulation_results_batch27718.rds, simulation_results_batch27719.rds, simulation_results_batch27720.rds
1969	simulation_results_batch27721.rds, simulation_results_batch27722.rds, simulation_results_batch27723.rds, simulation_results_batch27724.rds, simulation_results_batch27725.rds, simulation_results_batch27726.rds, simulation_results_batch27727.rds, simulation_results_batch27728.rds, simulation_results_batch27729.rds, simulation_results_batch27730.rds
1970	simulation_results_batch27731.rds, simulation_results_batch27732.rds, simulation_results_batch27733.rds, simulation_results_batch27734.rds, simulation_results_batch27735.rds, simulation_results_batch27736.rds, simulation_results_batch27737.rds, simulation_results_batch27738.rds, simulation_results_batch27739.rds, simulation_results_batch27740.rds
1971	simulation_results_batch27741.rds, simulation_results_batch27742.rds, simulation_results_batch27743.rds, simulation_results_batch27744.rds, simulation_results_batch27745.rds, simulation_results_batch27746.rds, simulation_results_batch27747.rds, simulation_results_batch27748.rds, simulation_results_batch27749.rds, simulation_results_batch27750.rds
1972	simulation_results_batch27751.rds, simulation_results_batch27752.rds, simulation_results_batch27753.rds, simulation_results_batch27754.rds, simulation_results_batch27755.rds, simulation_results_batch27756.rds, simulation_results_batch27757.rds, simulation_results_batch27758.rds, simulation_results_batch27759.rds, simulation_results_batch27760.rds
1973	simulation_results_batch27761.rds, simulation_results_batch27762.rds, simulation_results_batch27763.rds, simulation_results_batch27764.rds, simulation_results_batch27765.rds, simulation_results_batch27766.rds, simulation_results_batch27767.rds, simulation_results_batch27768.rds, simulation_results_batch27769.rds, simulation_results_batch27770.rds
1974	simulation_results_batch27771.rds, simulation_results_batch27772.rds, simulation_results_batch27773.rds, simulation_results_batch27774.rds, simulation_results_batch27775.rds, simulation_results_batch27776.rds, simulation_results_batch27777.rds, simulation_results_batch27778.rds, simulation_results_batch27779.rds, simulation_results_batch27780.rds
1975	simulation_results_batch27781.rds, simulation_results_batch27782.rds, simulation_results_batch27783.rds, simulation_results_batch27784.rds, simulation_results_batch27785.rds, simulation_results_batch27786.rds, simulation_results_batch27787.rds, simulation_results_batch27788.rds, simulation_results_batch27789.rds, simulation_results_batch27790.rds
1976	simulation_results_batch27791.rds, simulation_results_batch27792.rds, simulation_results_batch27793.rds, simulation_results_batch27794.rds, simulation_results_batch27795.rds, simulation_results_batch27796.rds, simulation_results_batch27797.rds, simulation_results_batch27798.rds, simulation_results_batch27799.rds, simulation_results_batch27800.rds
1977	simulation_results_batch27801.rds, simulation_results_batch27802.rds, simulation_results_batch27803.rds, simulation_results_batch27804.rds, simulation_results_batch27805.rds, simulation_results_batch27806.rds, simulation_results_batch27807.rds, simulation_results_batch27808.rds, simulation_results_batch27809.rds, simulation_results_batch27810.rds
1978	simulation_results_batch27811.rds, simulation_results_batch27812.rds, simulation_results_batch27813.rds, simulation_results_batch27814.rds, simulation_results_batch27815.rds, simulation_results_batch27816.rds, simulation_results_batch27817.rds, simulation_results_batch27818.rds, simulation_results_batch27819.rds, simulation_results_batch27820.rds
1979	simulation_results_batch27821.rds, simulation_results_batch27822.rds, simulation_results_batch27823.rds, simulation_results_batch27824.rds, simulation_results_batch27825.rds, simulation_results_batch27826.rds, simulation_results_batch27827.rds, simulation_results_batch27828.rds, simulation_results_batch27829.rds, simulation_results_batch27830.rds
1980	simulation_results_batch27831.rds, simulation_results_batch27832.rds, simulation_results_batch27833.rds, simulation_results_batch27834.rds, simulation_results_batch27835.rds, simulation_results_batch27836.rds, simulation_results_batch27837.rds, simulation_results_batch27838.rds, simulation_results_batch27839.rds, simulation_results_batch27840.rds
1981	simulation_results_batch27841.rds, simulation_results_batch27842.rds, simulation_results_batch27843.rds, simulation_results_batch27844.rds, simulation_results_batch27845.rds, simulation_results_batch27846.rds, simulation_results_batch27847.rds, simulation_results_batch27848.rds, simulation_results_batch27849.rds, simulation_results_batch27850.rds
1982	simulation_results_batch27851.rds, simulation_results_batch27852.rds, simulation_results_batch27853.rds, simulation_results_batch27854.rds, simulation_results_batch27855.rds, simulation_results_batch27856.rds, simulation_results_batch27857.rds, simulation_results_batch27858.rds, simulation_results_batch27859.rds, simulation_results_batch27860.rds
1983	simulation_results_batch27861.rds, simulation_results_batch27862.rds, simulation_results_batch27863.rds, simulation_results_batch27864.rds, simulation_results_batch27865.rds, simulation_results_batch27866.rds, simulation_results_batch27867.rds, simulation_results_batch27868.rds, simulation_results_batch27869.rds, simulation_results_batch27870.rds
1984	simulation_results_batch27871.rds, simulation_results_batch27872.rds, simulation_results_batch27873.rds, simulation_results_batch27874.rds, simulation_results_batch27875.rds, simulation_results_batch27876.rds, simulation_results_batch27877.rds, simulation_results_batch27878.rds, simulation_results_batch27879.rds, simulation_results_batch27880.rds
1985	simulation_results_batch27881.rds, simulation_results_batch27882.rds, simulation_results_batch27883.rds, simulation_results_batch27884.rds, simulation_results_batch27885.rds, simulation_results_batch27886.rds, simulation_results_batch27887.rds, simulation_results_batch27888.rds, simulation_results_batch27889.rds, simulation_results_batch27890.rds
1986	simulation_results_batch27891.rds, simulation_results_batch27892.rds, simulation_results_batch27893.rds, simulation_results_batch27894.rds, simulation_results_batch27895.rds, simulation_results_batch27896.rds, simulation_results_batch27897.rds, simulation_results_batch27898.rds, simulation_results_batch27899.rds, simulation_results_batch27900.rds
1987	simulation_results_batch27901.rds, simulation_results_batch27902.rds, simulation_results_batch27903.rds, simulation_results_batch27904.rds, simulation_results_batch27905.rds, simulation_results_batch27906.rds, simulation_results_batch27907.rds, simulation_results_batch27908.rds, simulation_results_batch27909.rds, simulation_results_batch27910.rds
1988	simulation_results_batch27911.rds, simulation_results_batch27912.rds, simulation_results_batch27913.rds, simulation_results_batch27914.rds, simulation_results_batch27915.rds, simulation_results_batch27916.rds, simulation_results_batch27917.rds, simulation_results_batch27918.rds, simulation_results_batch27919.rds, simulation_results_batch27920.rds
1989	simulation_results_batch27921.rds, simulation_results_batch27922.rds, simulation_results_batch27923.rds, simulation_results_batch27924.rds, simulation_results_batch27925.rds, simulation_results_batch27926.rds, simulation_results_batch27927.rds, simulation_results_batch27928.rds, simulation_results_batch27929.rds, simulation_results_batch27930.rds
1990	simulation_results_batch27931.rds, simulation_results_batch27932.rds, simulation_results_batch27933.rds, simulation_results_batch27934.rds, simulation_results_batch27935.rds, simulation_results_batch27936.rds, simulation_results_batch27937.rds, simulation_results_batch27938.rds, simulation_results_batch27939.rds, simulation_results_batch27940.rds
1991	simulation_results_batch27941.rds, simulation_results_batch27942.rds, simulation_results_batch27943.rds, simulation_results_batch27944.rds, simulation_results_batch27945.rds, simulation_results_batch27946.rds, simulation_results_batch27947.rds, simulation_results_batch27948.rds, simulation_results_batch27949.rds, simulation_results_batch27950.rds
1992	simulation_results_batch27951.rds, simulation_results_batch27952.rds, simulation_results_batch27953.rds, simulation_results_batch27954.rds, simulation_results_batch27955.rds, simulation_results_batch27956.rds, simulation_results_batch27957.rds, simulation_results_batch27958.rds, simulation_results_batch27959.rds, simulation_results_batch27960.rds
1993	simulation_results_batch27961.rds, simulation_results_batch27962.rds, simulation_results_batch27963.rds, simulation_results_batch27964.rds, simulation_results_batch27965.rds, simulation_results_batch27966.rds, simulation_results_batch27967.rds, simulation_results_batch27968.rds, simulation_results_batch27969.rds, simulation_results_batch27970.rds
1994	simulation_results_batch27971.rds, simulation_results_batch27972.rds, simulation_results_batch27973.rds, simulation_results_batch27974.rds, simulation_results_batch27975.rds, simulation_results_batch27976.rds, simulation_results_batch27977.rds, simulation_results_batch27978.rds, simulation_results_batch27979.rds, simulation_results_batch27980.rds
1995	simulation_results_batch27981.rds, simulation_results_batch27982.rds, simulation_results_batch27983.rds, simulation_results_batch27984.rds, simulation_results_batch27985.rds, simulation_results_batch27986.rds, simulation_results_batch27987.rds, simulation_results_batch27988.rds, simulation_results_batch27989.rds, simulation_results_batch27990.rds
1996	simulation_results_batch27991.rds, simulation_results_batch27992.rds, simulation_results_batch27993.rds, simulation_results_batch27994.rds, simulation_results_batch27995.rds, simulation_results_batch27996.rds, simulation_results_batch27997.rds, simulation_results_batch27998.rds, simulation_results_batch27999.rds, simulation_results_batch28000.rds
1997	simulation_results_batch28001.rds, simulation_results_batch28002.rds, simulation_results_batch28003.rds, simulation_results_batch28004.rds, simulation_results_batch28005.rds, simulation_results_batch28006.rds, simulation_results_batch28007.rds, simulation_results_batch28008.rds, simulation_results_batch28009.rds, simulation_results_batch28010.rds
1998	simulation_results_batch28011.rds, simulation_results_batch28012.rds, simulation_results_batch28013.rds, simulation_results_batch28014.rds, simulation_results_batch28015.rds, simulation_results_batch28016.rds, simulation_results_batch28017.rds, simulation_results_batch28018.rds, simulation_results_batch28019.rds, simulation_results_batch28020.rds
1999	simulation_results_batch28021.rds, simulation_results_batch28022.rds, simulation_results_batch28023.rds, simulation_results_batch28024.rds, simulation_results_batch28025.rds, simulation_results_batch28026.rds, simulation_results_batch28027.rds, simulation_results_batch28028.rds, simulation_results_batch28029.rds, simulation_results_batch28030.rds
2000	simulation_results_batch28031.rds, simulation_results_batch28032.rds, simulation_results_batch28033.rds, simulation_results_batch28034.rds, simulation_results_batch28035.rds, simulation_results_batch28036.rds, simulation_results_batch28037.rds, simulation_results_batch28038.rds, simulation_results_batch28039.rds, simulation_results_batch28040.rds
2001	simulation_results_batch28041.rds, simulation_results_batch28042.rds, simulation_results_batch28043.rds, simulation_results_batch28044.rds, simulation_results_batch28045.rds, simulation_results_batch28046.rds, simulation_results_batch28047.rds, simulation_results_batch28048.rds, simulation_results_batch28049.rds, simulation_results_batch28050.rds
2002	simulation_results_batch28051.rds, simulation_results_batch28052.rds, simulation_results_batch28053.rds, simulation_results_batch28054.rds, simulation_results_batch28055.rds, simulation_results_batch28056.rds, simulation_results_batch28057.rds, simulation_results_batch28058.rds, simulation_results_batch28059.rds, simulation_results_batch28060.rds
2003	simulation_results_batch28061.rds, simulation_results_batch28062.rds, simulation_results_batch28063.rds, simulation_results_batch28064.rds, simulation_results_batch28065.rds, simulation_results_batch28066.rds, simulation_results_batch28067.rds, simulation_results_batch28068.rds, simulation_results_batch28069.rds, simulation_results_batch28070.rds
2004	simulation_results_batch28071.rds, simulation_results_batch28072.rds, simulation_results_batch28073.rds, simulation_results_batch28074.rds, simulation_results_batch28075.rds, simulation_results_batch28076.rds, simulation_results_batch28077.rds, simulation_results_batch28078.rds, simulation_results_batch28079.rds, simulation_results_batch28080.rds
2005	simulation_results_batch28081.rds, simulation_results_batch28082.rds, simulation_results_batch28083.rds, simulation_results_batch28084.rds, simulation_results_batch28085.rds, simulation_results_batch28086.rds, simulation_results_batch28087.rds, simulation_results_batch28088.rds, simulation_results_batch28089.rds, simulation_results_batch28090.rds
2006	simulation_results_batch28091.rds, simulation_results_batch28092.rds, simulation_results_batch28093.rds, simulation_results_batch28094.rds, simulation_results_batch28095.rds, simulation_results_batch28096.rds, simulation_results_batch28097.rds, simulation_results_batch28098.rds, simulation_results_batch28099.rds, simulation_results_batch28100.rds
2007	simulation_results_batch28101.rds, simulation_results_batch28102.rds, simulation_results_batch28103.rds, simulation_results_batch28104.rds, simulation_results_batch28105.rds, simulation_results_batch28106.rds, simulation_results_batch28107.rds, simulation_results_batch28108.rds, simulation_results_batch28109.rds, simulation_results_batch28110.rds
2008	simulation_results_batch28111.rds, simulation_results_batch28112.rds, simulation_results_batch28113.rds, simulation_results_batch28114.rds, simulation_results_batch28115.rds, simulation_results_batch28116.rds, simulation_results_batch28117.rds, simulation_results_batch28118.rds, simulation_results_batch28119.rds, simulation_results_batch28120.rds
2009	simulation_results_batch28121.rds, simulation_results_batch28122.rds, simulation_results_batch28123.rds, simulation_results_batch28124.rds, simulation_results_batch28125.rds, simulation_results_batch28126.rds, simulation_results_batch28127.rds, simulation_results_batch28128.rds, simulation_results_batch28129.rds, simulation_results_batch28130.rds
2010	simulation_results_batch28131.rds, simulation_results_batch28132.rds, simulation_results_batch28133.rds, simulation_results_batch28134.rds, simulation_results_batch28135.rds, simulation_results_batch28136.rds, simulation_results_batch28137.rds, simulation_results_batch28138.rds, simulation_results_batch28139.rds, simulation_results_batch28140.rds
2011	simulation_results_batch28141.rds, simulation_results_batch28142.rds, simulation_results_batch28143.rds, simulation_results_batch28144.rds, simulation_results_batch28145.rds, simulation_results_batch28146.rds, simulation_results_batch28147.rds, simulation_results_batch28148.rds, simulation_results_batch28149.rds, simulation_results_batch28150.rds
2012	simulation_results_batch28151.rds, simulation_results_batch28152.rds, simulation_results_batch28153.rds, simulation_results_batch28154.rds, simulation_results_batch28155.rds, simulation_results_batch28156.rds, simulation_results_batch28157.rds, simulation_results_batch28158.rds, simulation_results_batch28159.rds, simulation_results_batch28160.rds
2013	simulation_results_batch28161.rds, simulation_results_batch28162.rds, simulation_results_batch28163.rds, simulation_results_batch28164.rds, simulation_results_batch28165.rds, simulation_results_batch28166.rds, simulation_results_batch28167.rds, simulation_results_batch28168.rds, simulation_results_batch28169.rds, simulation_results_batch28170.rds
2014	simulation_results_batch28171.rds, simulation_results_batch28172.rds, simulation_results_batch28173.rds, simulation_results_batch28174.rds, simulation_results_batch28175.rds, simulation_results_batch28176.rds, simulation_results_batch28177.rds, simulation_results_batch28178.rds, simulation_results_batch28179.rds, simulation_results_batch28180.rds
2015	simulation_results_batch28181.rds, simulation_results_batch28182.rds, simulation_results_batch28183.rds, simulation_results_batch28184.rds, simulation_results_batch28185.rds, simulation_results_batch28186.rds, simulation_results_batch28187.rds, simulation_results_batch28188.rds, simulation_results_batch28189.rds, simulation_results_batch28190.rds
2016	simulation_results_batch28191.rds, simulation_results_batch28192.rds, simulation_results_batch28193.rds, simulation_results_batch28194.rds, simulation_results_batch28195.rds, simulation_results_batch28196.rds, simulation_results_batch28197.rds, simulation_results_batch28198.rds, simulation_results_batch28199.rds, simulation_results_batch28200.rds
2017	simulation_results_batch28201.rds, simulation_results_batch28202.rds, simulation_results_batch28203.rds, simulation_results_batch28204.rds, simulation_results_batch28205.rds, simulation_results_batch28206.rds, simulation_results_batch28207.rds, simulation_results_batch28208.rds, simulation_results_batch28209.rds, simulation_results_batch28210.rds
2018	simulation_results_batch28211.rds, simulation_results_batch28212.rds, simulation_results_batch28213.rds, simulation_results_batch28214.rds, simulation_results_batch28215.rds, simulation_results_batch28216.rds, simulation_results_batch28217.rds, simulation_results_batch28218.rds, simulation_results_batch28219.rds, simulation_results_batch28220.rds
2019	simulation_results_batch28221.rds, simulation_results_batch28222.rds, simulation_results_batch28223.rds, simulation_results_batch28224.rds, simulation_results_batch28225.rds, simulation_results_batch28226.rds, simulation_results_batch28227.rds, simulation_results_batch28228.rds, simulation_results_batch28229.rds, simulation_results_batch28230.rds
2020	simulation_results_batch28231.rds, simulation_results_batch28232.rds, simulation_results_batch28233.rds, simulation_results_batch28234.rds, simulation_results_batch28235.rds, simulation_results_batch28236.rds, simulation_results_batch28237.rds, simulation_results_batch28238.rds, simulation_results_batch28239.rds, simulation_results_batch28240.rds
2021	simulation_results_batch28241.rds, simulation_results_batch28242.rds, simulation_results_batch28243.rds, simulation_results_batch28244.rds, simulation_results_batch28245.rds, simulation_results_batch28246.rds, simulation_results_batch28247.rds, simulation_results_batch28248.rds, simulation_results_batch28249.rds, simulation_results_batch28250.rds
2022	simulation_results_batch28251.rds, simulation_results_batch28252.rds, simulation_results_batch28253.rds, simulation_results_batch28254.rds, simulation_results_batch28255.rds, simulation_results_batch28256.rds, simulation_results_batch28257.rds, simulation_results_batch28258.rds, simulation_results_batch28259.rds, simulation_results_batch28260.rds
2023	simulation_results_batch28261.rds, simulation_results_batch28262.rds, simulation_results_batch28263.rds, simulation_results_batch28264.rds, simulation_results_batch28265.rds, simulation_results_batch28266.rds, simulation_results_batch28267.rds, simulation_results_batch28268.rds, simulation_results_batch28269.rds, simulation_results_batch28270.rds
2024	simulation_results_batch28271.rds, simulation_results_batch28272.rds, simulation_results_batch28273.rds, simulation_results_batch28274.rds, simulation_results_batch28275.rds, simulation_results_batch28276.rds, simulation_results_batch28277.rds, simulation_results_batch28278.rds, simulation_results_batch28279.rds, simulation_results_batch28280.rds
2025	simulation_results_batch28281.rds, simulation_results_batch28282.rds, simulation_results_batch28283.rds, simulation_results_batch28284.rds, simulation_results_batch28285.rds, simulation_results_batch28286.rds, simulation_results_batch28287.rds, simulation_results_batch28288.rds, simulation_results_batch28289.rds, simulation_results_batch28290.rds
2026	simulation_results_batch28291.rds, simulation_results_batch28292.rds, simulation_results_batch28293.rds, simulation_results_batch28294.rds, simulation_results_batch28295.rds, simulation_results_batch28296.rds, simulation_results_batch28297.rds, simulation_results_batch28298.rds, simulation_results_batch28299.rds, simulation_results_batch28300.rds
2027	simulation_results_batch28301.rds, simulation_results_batch28302.rds, simulation_results_batch28303.rds, simulation_results_batch28304.rds, simulation_results_batch28305.rds, simulation_results_batch28306.rds, simulation_results_batch28307.rds, simulation_results_batch28308.rds, simulation_results_batch28309.rds, simulation_results_batch28310.rds
2028	simulation_results_batch28311.rds, simulation_results_batch28312.rds, simulation_results_batch28313.rds, simulation_results_batch28314.rds, simulation_results_batch28315.rds, simulation_results_batch28316.rds, simulation_results_batch28317.rds, simulation_results_batch28318.rds, simulation_results_batch28319.rds, simulation_results_batch28320.rds
2029	simulation_results_batch28321.rds, simulation_results_batch28322.rds, simulation_results_batch28323.rds, simulation_results_batch28324.rds, simulation_results_batch28325.rds, simulation_results_batch28326.rds, simulation_results_batch28327.rds, simulation_results_batch28328.rds, simulation_results_batch28329.rds, simulation_results_batch28330.rds
2030	simulation_results_batch28331.rds, simulation_results_batch28332.rds, simulation_results_batch28333.rds, simulation_results_batch28334.rds, simulation_results_batch28335.rds, simulation_results_batch28336.rds, simulation_results_batch28337.rds, simulation_results_batch28338.rds, simulation_results_batch28339.rds, simulation_results_batch28340.rds
2031	simulation_results_batch28341.rds, simulation_results_batch28342.rds, simulation_results_batch28343.rds, simulation_results_batch28344.rds, simulation_results_batch28345.rds, simulation_results_batch28346.rds, simulation_results_batch28347.rds, simulation_results_batch28348.rds, simulation_results_batch28349.rds, simulation_results_batch28350.rds
2032	simulation_results_batch28351.rds, simulation_results_batch28352.rds, simulation_results_batch28353.rds, simulation_results_batch28354.rds, simulation_results_batch28355.rds, simulation_results_batch28356.rds, simulation_results_batch28357.rds, simulation_results_batch28358.rds, simulation_results_batch28359.rds, simulation_results_batch28360.rds
2033	simulation_results_batch28361.rds, simulation_results_batch28362.rds, simulation_results_batch28363.rds, simulation_results_batch28364.rds, simulation_results_batch28365.rds, simulation_results_batch28366.rds, simulation_results_batch28367.rds, simulation_results_batch28368.rds, simulation_results_batch28369.rds, simulation_results_batch28370.rds
2034	simulation_results_batch28371.rds, simulation_results_batch28372.rds, simulation_results_batch28373.rds, simulation_results_batch28374.rds, simulation_results_batch28375.rds, simulation_results_batch28376.rds, simulation_results_batch28377.rds, simulation_results_batch28378.rds, simulation_results_batch28379.rds, simulation_results_batch28380.rds
2035	simulation_results_batch28381.rds, simulation_results_batch28382.rds, simulation_results_batch28383.rds, simulation_results_batch28384.rds, simulation_results_batch28385.rds, simulation_results_batch28386.rds, simulation_results_batch28387.rds, simulation_results_batch28388.rds, simulation_results_batch28389.rds, simulation_results_batch28390.rds
2036	simulation_results_batch28391.rds, simulation_results_batch28392.rds, simulation_results_batch28393.rds, simulation_results_batch28394.rds, simulation_results_batch28395.rds, simulation_results_batch28396.rds, simulation_results_batch28397.rds, simulation_results_batch28398.rds, simulation_results_batch28399.rds, simulation_results_batch28400.rds
2037	simulation_results_batch28401.rds, simulation_results_batch28402.rds, simulation_results_batch28403.rds, simulation_results_batch28404.rds, simulation_results_batch28405.rds, simulation_results_batch28406.rds, simulation_results_batch28407.rds, simulation_results_batch28408.rds, simulation_results_batch28409.rds, simulation_results_batch28410.rds
2038	simulation_results_batch28411.rds, simulation_results_batch28412.rds, simulation_results_batch28413.rds, simulation_results_batch28414.rds, simulation_results_batch28415.rds, simulation_results_batch28416.rds, simulation_results_batch28417.rds, simulation_results_batch28418.rds, simulation_results_batch28419.rds, simulation_results_batch28420.rds
2039	simulation_results_batch28421.rds, simulation_results_batch28422.rds, simulation_results_batch28423.rds, simulation_results_batch28424.rds, simulation_results_batch28425.rds, simulation_results_batch28426.rds, simulation_results_batch28427.rds, simulation_results_batch28428.rds, simulation_results_batch28429.rds, simulation_results_batch28430.rds
2040	simulation_results_batch28431.rds, simulation_results_batch28432.rds, simulation_results_batch28433.rds, simulation_results_batch28434.rds, simulation_results_batch28435.rds, simulation_results_batch28436.rds, simulation_results_batch28437.rds, simulation_results_batch28438.rds, simulation_results_batch28439.rds, simulation_results_batch28440.rds
2041	simulation_results_batch28441.rds, simulation_results_batch28442.rds, simulation_results_batch28443.rds, simulation_results_batch28444.rds, simulation_results_batch28445.rds, simulation_results_batch28446.rds, simulation_results_batch28447.rds, simulation_results_batch28448.rds, simulation_results_batch28449.rds, simulation_results_batch28450.rds
2042	simulation_results_batch28451.rds, simulation_results_batch28452.rds, simulation_results_batch28453.rds, simulation_results_batch28454.rds, simulation_results_batch28455.rds, simulation_results_batch28456.rds, simulation_results_batch28457.rds, simulation_results_batch28458.rds, simulation_results_batch28459.rds, simulation_results_batch28460.rds
2043	simulation_results_batch28461.rds, simulation_results_batch28462.rds, simulation_results_batch28463.rds, simulation_results_batch28464.rds, simulation_results_batch28465.rds, simulation_results_batch28466.rds, simulation_results_batch28467.rds, simulation_results_batch28468.rds, simulation_results_batch28469.rds, simulation_results_batch28470.rds
2044	simulation_results_batch28471.rds, simulation_results_batch28472.rds, simulation_results_batch28473.rds, simulation_results_batch28474.rds, simulation_results_batch28475.rds, simulation_results_batch28476.rds, simulation_results_batch28477.rds, simulation_results_batch28478.rds, simulation_results_batch28479.rds, simulation_results_batch28480.rds
2045	simulation_results_batch28481.rds, simulation_results_batch28482.rds, simulation_results_batch28483.rds, simulation_results_batch28484.rds, simulation_results_batch28485.rds, simulation_results_batch28486.rds, simulation_results_batch28487.rds, simulation_results_batch28488.rds, simulation_results_batch28489.rds, simulation_results_batch28490.rds
2046	simulation_results_batch28491.rds, simulation_results_batch28492.rds, simulation_results_batch28493.rds, simulation_results_batch28494.rds, simulation_results_batch28495.rds, simulation_results_batch28496.rds, simulation_results_batch28497.rds, simulation_results_batch28498.rds, simulation_results_batch28499.rds, simulation_results_batch28500.rds
2047	simulation_results_batch28501.rds, simulation_results_batch28502.rds, simulation_results_batch28503.rds, simulation_results_batch28504.rds, simulation_results_batch28505.rds, simulation_results_batch28506.rds, simulation_results_batch28507.rds, simulation_results_batch28508.rds, simulation_results_batch28509.rds, simulation_results_batch28510.rds
2048	simulation_results_batch28511.rds, simulation_results_batch28512.rds, simulation_results_batch28513.rds, simulation_results_batch28514.rds, simulation_results_batch28515.rds, simulation_results_batch28516.rds, simulation_results_batch28517.rds, simulation_results_batch28518.rds, simulation_results_batch28519.rds, simulation_results_batch28520.rds
2049	simulation_results_batch28521.rds, simulation_results_batch28522.rds, simulation_results_batch28523.rds, simulation_results_batch28524.rds, simulation_results_batch28525.rds, simulation_results_batch28526.rds, simulation_results_batch28527.rds, simulation_results_batch28528.rds, simulation_results_batch28529.rds, simulation_results_batch28530.rds
2050	simulation_results_batch28531.rds, simulation_results_batch28532.rds, simulation_results_batch28533.rds, simulation_results_batch28534.rds, simulation_results_batch28535.rds, simulation_results_batch28536.rds, simulation_results_batch28537.rds, simulation_results_batch28538.rds, simulation_results_batch28539.rds, simulation_results_batch28540.rds
2051	simulation_results_batch28541.rds, simulation_results_batch28542.rds, simulation_results_batch28543.rds, simulation_results_batch28544.rds, simulation_results_batch28545.rds, simulation_results_batch28546.rds, simulation_results_batch28547.rds, simulation_results_batch28548.rds, simulation_results_batch28549.rds, simulation_results_batch28550.rds
2052	simulation_results_batch28551.rds, simulation_results_batch28552.rds, simulation_results_batch28553.rds, simulation_results_batch28554.rds, simulation_results_batch28555.rds, simulation_results_batch28556.rds, simulation_results_batch28557.rds, simulation_results_batch28558.rds, simulation_results_batch28559.rds, simulation_results_batch28560.rds
2053	simulation_results_batch28561.rds, simulation_results_batch28562.rds, simulation_results_batch28563.rds, simulation_results_batch28564.rds, simulation_results_batch28565.rds, simulation_results_batch28566.rds, simulation_results_batch28567.rds, simulation_results_batch28568.rds, simulation_results_batch28569.rds, simulation_results_batch28570.rds
2054	simulation_results_batch28571.rds, simulation_results_batch28572.rds, simulation_results_batch28573.rds, simulation_results_batch28574.rds, simulation_results_batch28575.rds, simulation_results_batch28576.rds, simulation_results_batch28577.rds, simulation_results_batch28578.rds, simulation_results_batch28579.rds, simulation_results_batch28580.rds
2055	simulation_results_batch28581.rds, simulation_results_batch28582.rds, simulation_results_batch28583.rds, simulation_results_batch28584.rds, simulation_results_batch28585.rds, simulation_results_batch28586.rds, simulation_results_batch28587.rds, simulation_results_batch28588.rds, simulation_results_batch28589.rds, simulation_results_batch28590.rds
2056	simulation_results_batch28591.rds, simulation_results_batch28592.rds, simulation_results_batch28593.rds, simulation_results_batch28594.rds, simulation_results_batch28595.rds, simulation_results_batch28596.rds, simulation_results_batch28597.rds, simulation_results_batch28598.rds, simulation_results_batch28599.rds, simulation_results_batch28600.rds
2057	simulation_results_batch28601.rds, simulation_results_batch28602.rds, simulation_results_batch28603.rds, simulation_results_batch28604.rds, simulation_results_batch28605.rds, simulation_results_batch28606.rds, simulation_results_batch28607.rds, simulation_results_batch28608.rds, simulation_results_batch28609.rds, simulation_results_batch28610.rds
2058	simulation_results_batch28611.rds, simulation_results_batch28612.rds, simulation_results_batch28613.rds, simulation_results_batch28614.rds, simulation_results_batch28615.rds, simulation_results_batch28616.rds, simulation_results_batch28617.rds, simulation_results_batch28618.rds, simulation_results_batch28619.rds, simulation_results_batch28620.rds
2059	simulation_results_batch28621.rds, simulation_results_batch28622.rds, simulation_results_batch28623.rds, simulation_results_batch28624.rds, simulation_results_batch28625.rds, simulation_results_batch28626.rds, simulation_results_batch28627.rds, simulation_results_batch28628.rds, simulation_results_batch28629.rds, simulation_results_batch28630.rds
2060	simulation_results_batch28631.rds, simulation_results_batch28632.rds, simulation_results_batch28633.rds, simulation_results_batch28634.rds, simulation_results_batch28635.rds, simulation_results_batch28636.rds, simulation_results_batch28637.rds, simulation_results_batch28638.rds, simulation_results_batch28639.rds, simulation_results_batch28640.rds
2061	simulation_results_batch28641.rds, simulation_results_batch28642.rds, simulation_results_batch28643.rds, simulation_results_batch28644.rds, simulation_results_batch28645.rds, simulation_results_batch28646.rds, simulation_results_batch28647.rds, simulation_results_batch28648.rds, simulation_results_batch28649.rds, simulation_results_batch28650.rds
2062	simulation_results_batch28651.rds, simulation_results_batch28652.rds, simulation_results_batch28653.rds, simulation_results_batch28654.rds, simulation_results_batch28655.rds, simulation_results_batch28656.rds, simulation_results_batch28657.rds, simulation_results_batch28658.rds, simulation_results_batch28659.rds, simulation_results_batch28660.rds
2063	simulation_results_batch28661.rds, simulation_results_batch28662.rds, simulation_results_batch28663.rds, simulation_results_batch28664.rds, simulation_results_batch28665.rds, simulation_results_batch28666.rds, simulation_results_batch28667.rds, simulation_results_batch28668.rds, simulation_results_batch28669.rds, simulation_results_batch28670.rds
2064	simulation_results_batch28671.rds, simulation_results_batch28672.rds, simulation_results_batch28673.rds, simulation_results_batch28674.rds, simulation_results_batch28675.rds, simulation_results_batch28676.rds, simulation_results_batch28677.rds, simulation_results_batch28678.rds, simulation_results_batch28679.rds, simulation_results_batch28680.rds
2065	simulation_results_batch28681.rds, simulation_results_batch28682.rds, simulation_results_batch28683.rds, simulation_results_batch28684.rds, simulation_results_batch28685.rds, simulation_results_batch28686.rds, simulation_results_batch28687.rds, simulation_results_batch28688.rds, simulation_results_batch28689.rds, simulation_results_batch28690.rds
2066	simulation_results_batch28691.rds, simulation_results_batch28692.rds, simulation_results_batch28693.rds, simulation_results_batch28694.rds, simulation_results_batch28695.rds, simulation_results_batch28696.rds, simulation_results_batch28697.rds, simulation_results_batch28698.rds, simulation_results_batch28699.rds, simulation_results_batch28700.rds
2067	simulation_results_batch28701.rds, simulation_results_batch28702.rds, simulation_results_batch28703.rds, simulation_results_batch28704.rds, simulation_results_batch28705.rds, simulation_results_batch28706.rds, simulation_results_batch28707.rds, simulation_results_batch28708.rds, simulation_results_batch28709.rds, simulation_results_batch28710.rds
2068	simulation_results_batch28711.rds, simulation_results_batch28712.rds, simulation_results_batch28713.rds, simulation_results_batch28714.rds, simulation_results_batch28715.rds, simulation_results_batch28716.rds, simulation_results_batch28717.rds, simulation_results_batch28718.rds, simulation_results_batch28719.rds, simulation_results_batch28720.rds
2069	simulation_results_batch28721.rds, simulation_results_batch28722.rds, simulation_results_batch28723.rds, simulation_results_batch28724.rds, simulation_results_batch28725.rds, simulation_results_batch28726.rds, simulation_results_batch28727.rds, simulation_results_batch28728.rds, simulation_results_batch28729.rds, simulation_results_batch28730.rds
2070	simulation_results_batch28731.rds, simulation_results_batch28732.rds, simulation_results_batch28733.rds, simulation_results_batch28734.rds, simulation_results_batch28735.rds, simulation_results_batch28736.rds, simulation_results_batch28737.rds, simulation_results_batch28738.rds, simulation_results_batch28739.rds, simulation_results_batch28740.rds
2071	simulation_results_batch28741.rds, simulation_results_batch28742.rds, simulation_results_batch28743.rds, simulation_results_batch28744.rds, simulation_results_batch28745.rds, simulation_results_batch28746.rds, simulation_results_batch28747.rds, simulation_results_batch28748.rds, simulation_results_batch28749.rds, simulation_results_batch28750.rds
2072	simulation_results_batch28751.rds, simulation_results_batch28752.rds, simulation_results_batch28753.rds, simulation_results_batch28754.rds, simulation_results_batch28755.rds, simulation_results_batch28756.rds, simulation_results_batch28757.rds, simulation_results_batch28758.rds, simulation_results_batch28759.rds, simulation_results_batch28760.rds
2073	simulation_results_batch28761.rds, simulation_results_batch28762.rds, simulation_results_batch28763.rds, simulation_results_batch28764.rds, simulation_results_batch28765.rds, simulation_results_batch28766.rds, simulation_results_batch28767.rds, simulation_results_batch28768.rds, simulation_results_batch28769.rds, simulation_results_batch28770.rds
2074	simulation_results_batch28771.rds, simulation_results_batch28772.rds, simulation_results_batch28773.rds, simulation_results_batch28774.rds, simulation_results_batch28775.rds, simulation_results_batch28776.rds, simulation_results_batch28777.rds, simulation_results_batch28778.rds, simulation_results_batch28779.rds, simulation_results_batch28780.rds
2075	simulation_results_batch28781.rds, simulation_results_batch28782.rds, simulation_results_batch28783.rds, simulation_results_batch28784.rds, simulation_results_batch28785.rds, simulation_results_batch28786.rds, simulation_results_batch28787.rds, simulation_results_batch28788.rds, simulation_results_batch28789.rds, simulation_results_batch28790.rds
2076	simulation_results_batch28791.rds, simulation_results_batch28792.rds, simulation_results_batch28793.rds, simulation_results_batch28794.rds, simulation_results_batch28795.rds, simulation_results_batch28796.rds, simulation_results_batch28797.rds, simulation_results_batch28798.rds, simulation_results_batch28799.rds, simulation_results_batch28800.rds
2077	simulation_results_batch28801.rds, simulation_results_batch28802.rds, simulation_results_batch28803.rds, simulation_results_batch28804.rds, simulation_results_batch28805.rds, simulation_results_batch28806.rds, simulation_results_batch28807.rds, simulation_results_batch28808.rds, simulation_results_batch28809.rds, simulation_results_batch28810.rds
2078	simulation_results_batch28811.rds, simulation_results_batch28812.rds, simulation_results_batch28813.rds, simulation_results_batch28814.rds, simulation_results_batch28815.rds, simulation_results_batch28816.rds, simulation_results_batch28817.rds, simulation_results_batch28818.rds, simulation_results_batch28819.rds, simulation_results_batch28820.rds
2079	simulation_results_batch28821.rds, simulation_results_batch28822.rds, simulation_results_batch28823.rds, simulation_results_batch28824.rds, simulation_results_batch28825.rds, simulation_results_batch28826.rds, simulation_results_batch28827.rds, simulation_results_batch28828.rds, simulation_results_batch28829.rds, simulation_results_batch28830.rds
2080	simulation_results_batch28831.rds, simulation_results_batch28832.rds, simulation_results_batch28833.rds, simulation_results_batch28834.rds, simulation_results_batch28835.rds, simulation_results_batch28836.rds, simulation_results_batch28837.rds, simulation_results_batch28838.rds, simulation_results_batch28839.rds, simulation_results_batch28840.rds
2081	simulation_results_batch28841.rds, simulation_results_batch28842.rds, simulation_results_batch28843.rds, simulation_results_batch28844.rds, simulation_results_batch28845.rds, simulation_results_batch28846.rds, simulation_results_batch28847.rds, simulation_results_batch28848.rds, simulation_results_batch28849.rds, simulation_results_batch28850.rds
2082	simulation_results_batch28851.rds, simulation_results_batch28852.rds, simulation_results_batch28853.rds, simulation_results_batch28854.rds, simulation_results_batch28855.rds, simulation_results_batch28856.rds, simulation_results_batch28857.rds, simulation_results_batch28858.rds, simulation_results_batch28859.rds, simulation_results_batch28860.rds
2083	simulation_results_batch28861.rds, simulation_results_batch28862.rds, simulation_results_batch28863.rds, simulation_results_batch28864.rds, simulation_results_batch28865.rds, simulation_results_batch28866.rds, simulation_results_batch28867.rds, simulation_results_batch28868.rds, simulation_results_batch28869.rds, simulation_results_batch28870.rds
2084	simulation_results_batch28871.rds, simulation_results_batch28872.rds, simulation_results_batch28873.rds, simulation_results_batch28874.rds, simulation_results_batch28875.rds, simulation_results_batch28876.rds, simulation_results_batch28877.rds, simulation_results_batch28878.rds, simulation_results_batch28879.rds, simulation_results_batch28880.rds
2085	simulation_results_batch28881.rds, simulation_results_batch28882.rds, simulation_results_batch28883.rds, simulation_results_batch28884.rds, simulation_results_batch28885.rds, simulation_results_batch28886.rds, simulation_results_batch28887.rds, simulation_results_batch28888.rds, simulation_results_batch28889.rds, simulation_results_batch28890.rds
2086	simulation_results_batch28891.rds, simulation_results_batch28892.rds, simulation_results_batch28893.rds, simulation_results_batch28894.rds, simulation_results_batch28895.rds, simulation_results_batch28896.rds, simulation_results_batch28897.rds, simulation_results_batch28898.rds, simulation_results_batch28899.rds, simulation_results_batch28900.rds
2087	simulation_results_batch28901.rds, simulation_results_batch28902.rds, simulation_results_batch28903.rds, simulation_results_batch28904.rds, simulation_results_batch28905.rds, simulation_results_batch28906.rds, simulation_results_batch28907.rds, simulation_results_batch28908.rds, simulation_results_batch28909.rds, simulation_results_batch28910.rds
2088	simulation_results_batch28911.rds, simulation_results_batch28912.rds, simulation_results_batch28913.rds, simulation_results_batch28914.rds, simulation_results_batch28915.rds, simulation_results_batch28916.rds, simulation_results_batch28917.rds, simulation_results_batch28918.rds, simulation_results_batch28919.rds, simulation_results_batch28920.rds
2089	simulation_results_batch28921.rds, simulation_results_batch28922.rds, simulation_results_batch28923.rds, simulation_results_batch28924.rds, simulation_results_batch28925.rds, simulation_results_batch28926.rds, simulation_results_batch28927.rds, simulation_results_batch28928.rds, simulation_results_batch28929.rds, simulation_results_batch28930.rds
2090	simulation_results_batch28931.rds, simulation_results_batch28932.rds, simulation_results_batch28933.rds, simulation_results_batch28934.rds, simulation_results_batch28935.rds, simulation_results_batch28936.rds, simulation_results_batch28937.rds, simulation_results_batch28938.rds, simulation_results_batch28939.rds, simulation_results_batch28940.rds
2091	simulation_results_batch28941.rds, simulation_results_batch28942.rds, simulation_results_batch28943.rds, simulation_results_batch28944.rds, simulation_results_batch28945.rds, simulation_results_batch28946.rds, simulation_results_batch28947.rds, simulation_results_batch28948.rds, simulation_results_batch28949.rds, simulation_results_batch28950.rds
2092	simulation_results_batch28951.rds, simulation_results_batch28952.rds, simulation_results_batch28953.rds, simulation_results_batch28954.rds, simulation_results_batch28955.rds, simulation_results_batch28956.rds, simulation_results_batch28957.rds, simulation_results_batch28958.rds, simulation_results_batch28959.rds, simulation_results_batch28960.rds
2093	simulation_results_batch28961.rds, simulation_results_batch28962.rds, simulation_results_batch28963.rds, simulation_results_batch28964.rds, simulation_results_batch28965.rds, simulation_results_batch28966.rds, simulation_results_batch28967.rds, simulation_results_batch28968.rds, simulation_results_batch28969.rds, simulation_results_batch28970.rds
2094	simulation_results_batch28971.rds, simulation_results_batch28972.rds, simulation_results_batch28973.rds, simulation_results_batch28974.rds, simulation_results_batch28975.rds, simulation_results_batch28976.rds, simulation_results_batch28977.rds, simulation_results_batch28978.rds, simulation_results_batch28979.rds, simulation_results_batch28980.rds
2095	simulation_results_batch28981.rds, simulation_results_batch28982.rds, simulation_results_batch28983.rds, simulation_results_batch28984.rds, simulation_results_batch28985.rds, simulation_results_batch28986.rds, simulation_results_batch28987.rds, simulation_results_batch28988.rds, simulation_results_batch28989.rds, simulation_results_batch28990.rds
2096	simulation_results_batch28991.rds, simulation_results_batch28992.rds, simulation_results_batch28993.rds, simulation_results_batch28994.rds, simulation_results_batch28995.rds, simulation_results_batch28996.rds, simulation_results_batch28997.rds, simulation_results_batch28998.rds, simulation_results_batch28999.rds, simulation_results_batch29000.rds
2097	simulation_results_batch29001.rds, simulation_results_batch29002.rds, simulation_results_batch29003.rds, simulation_results_batch29004.rds, simulation_results_batch29005.rds, simulation_results_batch29006.rds, simulation_results_batch29007.rds, simulation_results_batch29008.rds, simulation_results_batch29009.rds, simulation_results_batch29010.rds
2098	simulation_results_batch29011.rds, simulation_results_batch29012.rds, simulation_results_batch29013.rds, simulation_results_batch29014.rds, simulation_results_batch29015.rds, simulation_results_batch29016.rds, simulation_results_batch29017.rds, simulation_results_batch29018.rds, simulation_results_batch29019.rds, simulation_results_batch29020.rds
2099	simulation_results_batch29021.rds, simulation_results_batch29022.rds, simulation_results_batch29023.rds, simulation_results_batch29024.rds, simulation_results_batch29025.rds, simulation_results_batch29026.rds, simulation_results_batch29027.rds, simulation_results_batch29028.rds, simulation_results_batch29029.rds, simulation_results_batch29030.rds
2100	simulation_results_batch29031.rds, simulation_results_batch29032.rds, simulation_results_batch29033.rds, simulation_results_batch29034.rds, simulation_results_batch29035.rds, simulation_results_batch29036.rds, simulation_results_batch29037.rds, simulation_results_batch29038.rds, simulation_results_batch29039.rds, simulation_results_batch29040.rds
2101	simulation_results_batch29041.rds, simulation_results_batch29042.rds, simulation_results_batch29043.rds, simulation_results_batch29044.rds, simulation_results_batch29045.rds, simulation_results_batch29046.rds, simulation_results_batch29047.rds, simulation_results_batch29048.rds, simulation_results_batch29049.rds, simulation_results_batch29050.rds
2102	simulation_results_batch29051.rds, simulation_results_batch29052.rds, simulation_results_batch29053.rds, simulation_results_batch29054.rds, simulation_results_batch29055.rds, simulation_results_batch29056.rds, simulation_results_batch29057.rds, simulation_results_batch29058.rds, simulation_results_batch29059.rds, simulation_results_batch29060.rds
2103	simulation_results_batch29061.rds, simulation_results_batch29062.rds, simulation_results_batch29063.rds, simulation_results_batch29064.rds, simulation_results_batch29065.rds, simulation_results_batch29066.rds, simulation_results_batch29067.rds, simulation_results_batch29068.rds, simulation_results_batch29069.rds, simulation_results_batch29070.rds
2104	simulation_results_batch29071.rds, simulation_results_batch29072.rds, simulation_results_batch29073.rds, simulation_results_batch29074.rds, simulation_results_batch29075.rds, simulation_results_batch29076.rds, simulation_results_batch29077.rds, simulation_results_batch29078.rds, simulation_results_batch29079.rds, simulation_results_batch29080.rds
2105	simulation_results_batch29081.rds, simulation_results_batch29082.rds, simulation_results_batch29083.rds, simulation_results_batch29084.rds, simulation_results_batch29085.rds, simulation_results_batch29086.rds, simulation_results_batch29087.rds, simulation_results_batch29088.rds, simulation_results_batch29089.rds, simulation_results_batch29090.rds
2106	simulation_results_batch29091.rds, simulation_results_batch29092.rds, simulation_results_batch29093.rds, simulation_results_batch29094.rds, simulation_results_batch29095.rds, simulation_results_batch29096.rds, simulation_results_batch29097.rds, simulation_results_batch29098.rds, simulation_results_batch29099.rds, simulation_results_batch29100.rds
2107	simulation_results_batch29101.rds, simulation_results_batch29102.rds, simulation_results_batch29103.rds, simulation_results_batch29104.rds, simulation_results_batch29105.rds, simulation_results_batch29106.rds, simulation_results_batch29107.rds, simulation_results_batch29108.rds, simulation_results_batch29109.rds, simulation_results_batch29110.rds
2108	simulation_results_batch29111.rds, simulation_results_batch29112.rds, simulation_results_batch29113.rds, simulation_results_batch29114.rds, simulation_results_batch29115.rds, simulation_results_batch29116.rds, simulation_results_batch29117.rds, simulation_results_batch29118.rds, simulation_results_batch29119.rds, simulation_results_batch29120.rds
2109	simulation_results_batch29121.rds, simulation_results_batch29122.rds, simulation_results_batch29123.rds, simulation_results_batch29124.rds, simulation_results_batch29125.rds, simulation_results_batch29126.rds, simulation_results_batch29127.rds, simulation_results_batch29128.rds, simulation_results_batch29129.rds, simulation_results_batch29130.rds
2110	simulation_results_batch29131.rds, simulation_results_batch29132.rds, simulation_results_batch29133.rds, simulation_results_batch29134.rds, simulation_results_batch29135.rds, simulation_results_batch29136.rds, simulation_results_batch29137.rds, simulation_results_batch29138.rds, simulation_results_batch29139.rds, simulation_results_batch29140.rds
2111	simulation_results_batch29141.rds, simulation_results_batch29142.rds, simulation_results_batch29143.rds, simulation_results_batch29144.rds, simulation_results_batch29145.rds, simulation_results_batch29146.rds, simulation_results_batch29147.rds, simulation_results_batch29148.rds, simulation_results_batch29149.rds, simulation_results_batch29150.rds
2112	simulation_results_batch29151.rds, simulation_results_batch29152.rds, simulation_results_batch29153.rds, simulation_results_batch29154.rds, simulation_results_batch29155.rds, simulation_results_batch29156.rds, simulation_results_batch29157.rds, simulation_results_batch29158.rds, simulation_results_batch29159.rds, simulation_results_batch29160.rds
2113	simulation_results_batch29161.rds, simulation_results_batch29162.rds, simulation_results_batch29163.rds, simulation_results_batch29164.rds, simulation_results_batch29165.rds, simulation_results_batch29166.rds, simulation_results_batch29167.rds, simulation_results_batch29168.rds, simulation_results_batch29169.rds, simulation_results_batch29170.rds
2114	simulation_results_batch29171.rds, simulation_results_batch29172.rds, simulation_results_batch29173.rds, simulation_results_batch29174.rds, simulation_results_batch29175.rds, simulation_results_batch29176.rds, simulation_results_batch29177.rds, simulation_results_batch29178.rds, simulation_results_batch29179.rds, simulation_results_batch29180.rds
2115	simulation_results_batch29181.rds, simulation_results_batch29182.rds, simulation_results_batch29183.rds, simulation_results_batch29184.rds, simulation_results_batch29185.rds, simulation_results_batch29186.rds, simulation_results_batch29187.rds, simulation_results_batch29188.rds, simulation_results_batch29189.rds, simulation_results_batch29190.rds
2116	simulation_results_batch29191.rds, simulation_results_batch29192.rds, simulation_results_batch29193.rds, simulation_results_batch29194.rds, simulation_results_batch29195.rds, simulation_results_batch29196.rds, simulation_results_batch29197.rds, simulation_results_batch29198.rds, simulation_results_batch29199.rds, simulation_results_batch29200.rds
2117	simulation_results_batch29201.rds, simulation_results_batch29202.rds, simulation_results_batch29203.rds, simulation_results_batch29204.rds, simulation_results_batch29205.rds, simulation_results_batch29206.rds, simulation_results_batch29207.rds, simulation_results_batch29208.rds, simulation_results_batch29209.rds, simulation_results_batch29210.rds
2118	simulation_results_batch29211.rds, simulation_results_batch29212.rds, simulation_results_batch29213.rds, simulation_results_batch29214.rds, simulation_results_batch29215.rds, simulation_results_batch29216.rds, simulation_results_batch29217.rds, simulation_results_batch29218.rds, simulation_results_batch29219.rds, simulation_results_batch29220.rds
2119	simulation_results_batch29221.rds, simulation_results_batch29222.rds, simulation_results_batch29223.rds, simulation_results_batch29224.rds, simulation_results_batch29225.rds, simulation_results_batch29226.rds, simulation_results_batch29227.rds, simulation_results_batch29228.rds, simulation_results_batch29229.rds, simulation_results_batch29230.rds
2120	simulation_results_batch29231.rds, simulation_results_batch29232.rds, simulation_results_batch29233.rds, simulation_results_batch29234.rds, simulation_results_batch29235.rds, simulation_results_batch29236.rds, simulation_results_batch29237.rds, simulation_results_batch29238.rds, simulation_results_batch29239.rds, simulation_results_batch29240.rds
2121	simulation_results_batch29241.rds, simulation_results_batch29242.rds, simulation_results_batch29243.rds, simulation_results_batch29244.rds, simulation_results_batch29245.rds, simulation_results_batch29246.rds, simulation_results_batch29247.rds, simulation_results_batch29248.rds, simulation_results_batch29249.rds, simulation_results_batch29250.rds
2122	simulation_results_batch29251.rds, simulation_results_batch29252.rds, simulation_results_batch29253.rds, simulation_results_batch29254.rds, simulation_results_batch29255.rds, simulation_results_batch29256.rds, simulation_results_batch29257.rds, simulation_results_batch29258.rds, simulation_results_batch29259.rds, simulation_results_batch29260.rds
2123	simulation_results_batch29261.rds, simulation_results_batch29262.rds, simulation_results_batch29263.rds, simulation_results_batch29264.rds, simulation_results_batch29265.rds, simulation_results_batch29266.rds, simulation_results_batch29267.rds, simulation_results_batch29268.rds, simulation_results_batch29269.rds, simulation_results_batch29270.rds
2124	simulation_results_batch29271.rds, simulation_results_batch29272.rds, simulation_results_batch29273.rds, simulation_results_batch29274.rds, simulation_results_batch29275.rds, simulation_results_batch29276.rds, simulation_results_batch29277.rds, simulation_results_batch29278.rds, simulation_results_batch29279.rds, simulation_results_batch29280.rds
2125	simulation_results_batch29281.rds, simulation_results_batch29282.rds, simulation_results_batch29283.rds, simulation_results_batch29284.rds, simulation_results_batch29285.rds, simulation_results_batch29286.rds, simulation_results_batch29287.rds, simulation_results_batch29288.rds, simulation_results_batch29289.rds, simulation_results_batch29290.rds
2126	simulation_results_batch29291.rds, simulation_results_batch29292.rds, simulation_results_batch29293.rds, simulation_results_batch29294.rds, simulation_results_batch29295.rds, simulation_results_batch29296.rds, simulation_results_batch29297.rds, simulation_results_batch29298.rds, simulation_results_batch29299.rds, simulation_results_batch29300.rds
2127	simulation_results_batch29301.rds, simulation_results_batch29302.rds, simulation_results_batch29303.rds, simulation_results_batch29304.rds, simulation_results_batch29305.rds, simulation_results_batch29306.rds, simulation_results_batch29307.rds, simulation_results_batch29308.rds, simulation_results_batch29309.rds, simulation_results_batch29310.rds
2128	simulation_results_batch29311.rds, simulation_results_batch29312.rds, simulation_results_batch29313.rds, simulation_results_batch29314.rds, simulation_results_batch29315.rds, simulation_results_batch29316.rds, simulation_results_batch29317.rds, simulation_results_batch29318.rds, simulation_results_batch29319.rds, simulation_results_batch29320.rds
2129	simulation_results_batch29321.rds, simulation_results_batch29322.rds, simulation_results_batch29323.rds, simulation_results_batch29324.rds, simulation_results_batch29325.rds, simulation_results_batch29326.rds, simulation_results_batch29327.rds, simulation_results_batch29328.rds, simulation_results_batch29329.rds, simulation_results_batch29330.rds
2130	simulation_results_batch29331.rds, simulation_results_batch29332.rds, simulation_results_batch29333.rds, simulation_results_batch29334.rds, simulation_results_batch29335.rds, simulation_results_batch29336.rds, simulation_results_batch29337.rds, simulation_results_batch29338.rds, simulation_results_batch29339.rds, simulation_results_batch29340.rds
2131	simulation_results_batch29341.rds, simulation_results_batch29342.rds, simulation_results_batch29343.rds, simulation_results_batch29344.rds, simulation_results_batch29345.rds, simulation_results_batch29346.rds, simulation_results_batch29347.rds, simulation_results_batch29348.rds, simulation_results_batch29349.rds, simulation_results_batch29350.rds
2132	simulation_results_batch29351.rds, simulation_results_batch29352.rds, simulation_results_batch29353.rds, simulation_results_batch29354.rds, simulation_results_batch29355.rds, simulation_results_batch29356.rds, simulation_results_batch29357.rds, simulation_results_batch29358.rds, simulation_results_batch29359.rds, simulation_results_batch29360.rds
2133	simulation_results_batch29361.rds, simulation_results_batch29362.rds, simulation_results_batch29363.rds, simulation_results_batch29364.rds, simulation_results_batch29365.rds, simulation_results_batch29366.rds, simulation_results_batch29367.rds, simulation_results_batch29368.rds, simulation_results_batch29369.rds, simulation_results_batch29370.rds
2134	simulation_results_batch29371.rds, simulation_results_batch29372.rds, simulation_results_batch29373.rds, simulation_results_batch29374.rds, simulation_results_batch29375.rds, simulation_results_batch29376.rds, simulation_results_batch29377.rds, simulation_results_batch29378.rds, simulation_results_batch29379.rds, simulation_results_batch29380.rds
2135	simulation_results_batch29381.rds, simulation_results_batch29382.rds, simulation_results_batch29383.rds, simulation_results_batch29384.rds, simulation_results_batch29385.rds, simulation_results_batch29386.rds, simulation_results_batch29387.rds, simulation_results_batch29388.rds, simulation_results_batch29389.rds, simulation_results_batch29390.rds
2136	simulation_results_batch29391.rds, simulation_results_batch29392.rds, simulation_results_batch29393.rds, simulation_results_batch29394.rds, simulation_results_batch29395.rds, simulation_results_batch29396.rds, simulation_results_batch29397.rds, simulation_results_batch29398.rds, simulation_results_batch29399.rds, simulation_results_batch29400.rds
2137	simulation_results_batch29401.rds, simulation_results_batch29402.rds, simulation_results_batch29403.rds, simulation_results_batch29404.rds, simulation_results_batch29405.rds, simulation_results_batch29406.rds, simulation_results_batch29407.rds, simulation_results_batch29408.rds, simulation_results_batch29409.rds, simulation_results_batch29410.rds
2138	simulation_results_batch29411.rds, simulation_results_batch29412.rds, simulation_results_batch29413.rds, simulation_results_batch29414.rds, simulation_results_batch29415.rds, simulation_results_batch29416.rds, simulation_results_batch29417.rds, simulation_results_batch29418.rds, simulation_results_batch29419.rds, simulation_results_batch29420.rds
2139	simulation_results_batch29421.rds, simulation_results_batch29422.rds, simulation_results_batch29423.rds, simulation_results_batch29424.rds, simulation_results_batch29425.rds, simulation_results_batch29426.rds, simulation_results_batch29427.rds, simulation_results_batch29428.rds, simulation_results_batch29429.rds, simulation_results_batch29430.rds
2140	simulation_results_batch29431.rds, simulation_results_batch29432.rds, simulation_results_batch29433.rds, simulation_results_batch29434.rds, simulation_results_batch29435.rds, simulation_results_batch29436.rds, simulation_results_batch29437.rds, simulation_results_batch29438.rds, simulation_results_batch29439.rds, simulation_results_batch29440.rds
2141	simulation_results_batch29441.rds, simulation_results_batch29442.rds, simulation_results_batch29443.rds, simulation_results_batch29444.rds, simulation_results_batch29445.rds, simulation_results_batch29446.rds, simulation_results_batch29447.rds, simulation_results_batch29448.rds, simulation_results_batch29449.rds, simulation_results_batch29450.rds
2142	simulation_results_batch29451.rds, simulation_results_batch29452.rds, simulation_results_batch29453.rds, simulation_results_batch29454.rds, simulation_results_batch29455.rds, simulation_results_batch29456.rds, simulation_results_batch29457.rds, simulation_results_batch29458.rds, simulation_results_batch29459.rds, simulation_results_batch29460.rds
2143	simulation_results_batch29461.rds, simulation_results_batch29462.rds, simulation_results_batch29463.rds, simulation_results_batch29464.rds, simulation_results_batch29465.rds, simulation_results_batch29466.rds, simulation_results_batch29467.rds, simulation_results_batch29468.rds, simulation_results_batch29469.rds, simulation_results_batch29470.rds
2144	simulation_results_batch29471.rds, simulation_results_batch29472.rds, simulation_results_batch29473.rds, simulation_results_batch29474.rds, simulation_results_batch29475.rds, simulation_results_batch29476.rds, simulation_results_batch29477.rds, simulation_results_batch29478.rds, simulation_results_batch29479.rds, simulation_results_batch29480.rds
2145	simulation_results_batch29481.rds, simulation_results_batch29482.rds, simulation_results_batch29483.rds, simulation_results_batch29484.rds, simulation_results_batch29485.rds, simulation_results_batch29486.rds, simulation_results_batch29487.rds, simulation_results_batch29488.rds, simulation_results_batch29489.rds, simulation_results_batch29490.rds
2146	simulation_results_batch29491.rds, simulation_results_batch29492.rds, simulation_results_batch29493.rds, simulation_results_batch29494.rds, simulation_results_batch29495.rds, simulation_results_batch29496.rds, simulation_results_batch29497.rds, simulation_results_batch29498.rds, simulation_results_batch29499.rds, simulation_results_batch29500.rds
2147	simulation_results_batch29501.rds, simulation_results_batch29502.rds, simulation_results_batch29503.rds, simulation_results_batch29504.rds, simulation_results_batch29505.rds, simulation_results_batch29506.rds, simulation_results_batch29507.rds, simulation_results_batch29508.rds, simulation_results_batch29509.rds, simulation_results_batch29510.rds
2148	simulation_results_batch29511.rds, simulation_results_batch29512.rds, simulation_results_batch29513.rds, simulation_results_batch29514.rds, simulation_results_batch29515.rds, simulation_results_batch29516.rds, simulation_results_batch29517.rds, simulation_results_batch29518.rds, simulation_results_batch29519.rds, simulation_results_batch29520.rds
2149	simulation_results_batch29521.rds, simulation_results_batch29522.rds, simulation_results_batch29523.rds, simulation_results_batch29524.rds, simulation_results_batch29525.rds, simulation_results_batch29526.rds, simulation_results_batch29527.rds, simulation_results_batch29528.rds, simulation_results_batch29529.rds, simulation_results_batch29530.rds
2150	simulation_results_batch29531.rds, simulation_results_batch29532.rds, simulation_results_batch29533.rds, simulation_results_batch29534.rds, simulation_results_batch29535.rds, simulation_results_batch29536.rds, simulation_results_batch29537.rds, simulation_results_batch29538.rds, simulation_results_batch29539.rds, simulation_results_batch29540.rds
2151	simulation_results_batch29541.rds, simulation_results_batch29542.rds, simulation_results_batch29543.rds, simulation_results_batch29544.rds, simulation_results_batch29545.rds, simulation_results_batch29546.rds, simulation_results_batch29547.rds, simulation_results_batch29548.rds, simulation_results_batch29549.rds, simulation_results_batch29550.rds
2152	simulation_results_batch29551.rds, simulation_results_batch29552.rds, simulation_results_batch29553.rds, simulation_results_batch29554.rds, simulation_results_batch29555.rds, simulation_results_batch29556.rds, simulation_results_batch29557.rds, simulation_results_batch29558.rds, simulation_results_batch29559.rds, simulation_results_batch29560.rds
2153	simulation_results_batch29561.rds, simulation_results_batch29562.rds, simulation_results_batch29563.rds, simulation_results_batch29564.rds, simulation_results_batch29565.rds, simulation_results_batch29566.rds, simulation_results_batch29567.rds, simulation_results_batch29568.rds, simulation_results_batch29569.rds, simulation_results_batch29570.rds
2154	simulation_results_batch29571.rds, simulation_results_batch29572.rds, simulation_results_batch29573.rds, simulation_results_batch29574.rds, simulation_results_batch29575.rds, simulation_results_batch29576.rds, simulation_results_batch29577.rds, simulation_results_batch29578.rds, simulation_results_batch29579.rds, simulation_results_batch29580.rds
2155	simulation_results_batch29581.rds, simulation_results_batch29582.rds, simulation_results_batch29583.rds, simulation_results_batch29584.rds, simulation_results_batch29585.rds, simulation_results_batch29586.rds, simulation_results_batch29587.rds, simulation_results_batch29588.rds, simulation_results_batch29589.rds, simulation_results_batch29590.rds
2156	simulation_results_batch29591.rds, simulation_results_batch29592.rds, simulation_results_batch29593.rds, simulation_results_batch29594.rds, simulation_results_batch29595.rds, simulation_results_batch29596.rds, simulation_results_batch29597.rds, simulation_results_batch29598.rds, simulation_results_batch29599.rds, simulation_results_batch29600.rds
2157	simulation_results_batch29601.rds, simulation_results_batch29602.rds, simulation_results_batch29603.rds, simulation_results_batch29604.rds, simulation_results_batch29605.rds, simulation_results_batch29606.rds, simulation_results_batch29607.rds, simulation_results_batch29608.rds, simulation_results_batch29609.rds, simulation_results_batch29610.rds
2158	simulation_results_batch29611.rds, simulation_results_batch29612.rds, simulation_results_batch29613.rds, simulation_results_batch29614.rds, simulation_results_batch29615.rds, simulation_results_batch29616.rds, simulation_results_batch29617.rds, simulation_results_batch29618.rds, simulation_results_batch29619.rds, simulation_results_batch29620.rds
2159	simulation_results_batch29621.rds, simulation_results_batch29622.rds, simulation_results_batch29623.rds, simulation_results_batch29624.rds, simulation_results_batch29625.rds, simulation_results_batch29626.rds, simulation_results_batch29627.rds, simulation_results_batch29628.rds, simulation_results_batch29629.rds, simulation_results_batch29630.rds
2160	simulation_results_batch29631.rds, simulation_results_batch29632.rds, simulation_results_batch29633.rds, simulation_results_batch29634.rds, simulation_results_batch29635.rds, simulation_results_batch29636.rds, simulation_results_batch29637.rds, simulation_results_batch29638.rds, simulation_results_batch29639.rds, simulation_results_batch29640.rds
